{
"type": "FeatureCollection",
"name": "keselamatan_polygon_wgs84",
"crs": { "type": "name", "properties": { "name": "urn:ogc:def:crs:OGC:1.3:CRS84" } },
"features": [
{ "type": "Feature", "properties": { "UID": "PDRM-106", "AGENSI": "PDRM", "KATEGORI": "BALAI POLIS", "HIERARKI": "BALAI/UNIT", "NAMA": "Balai Polis Bagan Nakhoda Omar", "UNIT": "PENGURUSAN", "INDUK": "IPD Sabak Bernam", "ZON": null, "DAERAH": null, "PBT": null, "ALAMAT": null, "TELEFON": null, "SRC_ID": "106", "X_CASS": -91196.416, "Y_CASS": 66473.91, "LATITUDE": 3.7750227, "LONGITUDE": 100.8817216, "GEOM_OK": true }, "geometry": { "type": "Polygon", "coordinates": [ [ [ 100.88126995395136, 3.774783048928746, 0.0 ], [ 100.881401246967584, 3.774984978017438, 0.0 ], [ 100.881758255490112, 3.775534855485428, 0.0 ], [ 100.881855526177802, 3.775474700894027, 0.0 ], [ 100.882175275135069, 3.775253474219232, 0.0 ], [ 100.881676165153323, 3.774508984514257, 0.0 ], [ 100.88126995395136, 3.774783048928746, 0.0 ] ] ] } },
{ "type": "Feature", "properties": { "UID": "PDRM-102", "AGENSI": "PDRM", "KATEGORI": "BALAI POLIS", "HIERARKI": "BALAI/UNIT", "NAMA": "Balai Polis Sabak Bernam", "UNIT": "PENGURUSAN", "INDUK": "IPD Sabak Bernam", "ZON": null, "DAERAH": null, "PBT": null, "ALAMAT": null, "TELEFON": null, "SRC_ID": "102", "X_CASS": -79800.297, "Y_CASS": 65218.244, "LATITUDE": 3.7637217, "LONGITUDE": 100.984321, "GEOM_OK": true }, "geometry": { "type": "Polygon", "coordinates": [ [ [ 100.983740792955388, 3.763975863856292, 0.0 ], [ 100.984476990357351, 3.764316953835912, 0.0 ], [ 100.984910344728718, 3.763750674501986, 0.0 ], [ 100.984606137993538, 3.763623529226543, 0.0 ], [ 100.984803444737921, 3.763365200609579, 0.0 ], [ 100.984149130792616, 3.763091710872692, 0.0 ], [ 100.983740792955388, 3.763975863856292, 0.0 ] ] ] } },
{ "type": "Feature", "properties": { "UID": "PDRM-011", "AGENSI": "PDRM", "KATEGORI": "IPD", "HIERARKI": "DAERAH", "NAMA": "IPD Sabak Bernam", "UNIT": "PENGURUSAN", "INDUK": "IPD Sabak Bernam", "ZON": null, "DAERAH": null, "PBT": null, "ALAMAT": "Sabak Bernam, Selangor", "TELEFON": null, "SRC_ID": "11", "X_CASS": -79307.854, "Y_CASS": 55780.918, "LATITUDE": 3.6783811, "LONGITUDE": 100.9887927, "GEOM_OK": true }, "geometry": { "type": "Polygon", "coordinates": [ [ [ 100.98796398490515, 3.677550837739884, 0.0 ], [ 100.987978239746084, 3.677806670752831, 0.0 ], [ 100.988482650884762, 3.67880422192871, 0.0 ], [ 100.988382688547532, 3.678882385213508, 0.0 ], [ 100.98892329910862, 3.679548171145706, 0.0 ], [ 100.989785166500042, 3.678826864183816, 0.0 ], [ 100.988436794806418, 3.677155755305175, 0.0 ], [ 100.98796398490515, 3.677550837739884, 0.0 ] ] ] } },
{ "type": "Feature", "properties": { "UID": "PDRM-103", "AGENSI": "PDRM", "KATEGORI": "BALAI POLIS", "HIERARKI": "BALAI/UNIT", "NAMA": "Balai Polis Sungai Besar", "UNIT": "PENGURUSAN", "INDUK": "IPD Sabak Bernam", "ZON": null, "DAERAH": null, "PBT": null, "ALAMAT": null, "TELEFON": null, "SRC_ID": "103", "X_CASS": -79307.854, "Y_CASS": 55780.918, "LATITUDE": 3.6783811, "LONGITUDE": 100.9887927, "GEOM_OK": true }, "geometry": { "type": "Polygon", "coordinates": [ [ [ 100.98796398490515, 3.677550837739884, 0.0 ], [ 100.987978239746084, 3.677806670752831, 0.0 ], [ 100.988482650884762, 3.67880422192871, 0.0 ], [ 100.988382688547532, 3.678882385213508, 0.0 ], [ 100.98892329910862, 3.679548171145706, 0.0 ], [ 100.989785166500042, 3.678826864183816, 0.0 ], [ 100.988436794806418, 3.677155755305175, 0.0 ], [ 100.98796398490515, 3.677550837739884, 0.0 ] ] ] } },
{ "type": "Feature", "properties": { "UID": "PDRM-105", "AGENSI": "PDRM", "KATEGORI": "BALAI POLIS", "HIERARKI": "BALAI/UNIT", "NAMA": "Balai Polis Sungai Air Tawar", "UNIT": "PENGURUSAN", "INDUK": "IPD Sabak Bernam", "ZON": null, "DAERAH": null, "PBT": null, "ALAMAT": null, "TELEFON": null, "SRC_ID": "105", "X_CASS": -89676.323, "Y_CASS": 73859.512, "LATITUDE": 3.8418183, "LONGITUDE": 100.8953682, "GEOM_OK": true }, "geometry": { "type": "Polygon", "coordinates": [ [ [ 100.896076307323384, 3.842045846298405, 0.0 ], [ 100.896178317709271, 3.841610329020379, 0.0 ], [ 100.894623144188444, 3.841593721910995, 0.0 ], [ 100.894594211839802, 3.842030069114412, 0.0 ], [ 100.894654605186872, 3.842030745539462, 0.0 ], [ 100.894835713209105, 3.842032765694437, 0.0 ], [ 100.895197920239937, 3.842036823968235, 0.0 ], [ 100.896076307323384, 3.842045846298405, 0.0 ] ] ] } },
{ "type": "Feature", "properties": { "UID": "PDRM-104", "AGENSI": "PDRM", "KATEGORI": "BALAI POLIS", "HIERARKI": "BALAI/UNIT", "NAMA": "Balai Polis Sekinchan", "UNIT": "PENGURUSAN", "INDUK": "IPD Sabak Bernam", "ZON": null, "DAERAH": null, "PBT": null, "ALAMAT": null, "TELEFON": null, "SRC_ID": "104", "X_CASS": -66855.018, "Y_CASS": 36688.782, "LATITUDE": 3.5057701, "LONGITUDE": 101.100942, "GEOM_OK": true }, "geometry": { "type": "Polygon", "coordinates": [ [ [ 101.099863004299948, 3.505573592299755, 0.0 ], [ 101.101640961667371, 3.506548221264853, 0.0 ], [ 101.102012008378878, 3.505963472087994, 0.0 ], [ 101.100258348389289, 3.504995547018171, 0.0 ], [ 101.099863004299948, 3.505573592299755, 0.0 ] ] ] } },
{ "type": "Feature", "properties": { "UID": "PDRM-089", "AGENSI": "PDRM", "KATEGORI": "PONDOK POLIS", "HIERARKI": "BALAI/UNIT", "NAMA": "Pondok Polis Sungai Sireh", "UNIT": "PENGURUSAN", "INDUK": "IPD Kuala Selangor", "ZON": null, "DAERAH": null, "PBT": null, "ALAMAT": null, "TELEFON": null, "SRC_ID": "89", "X_CASS": -58809.714, "Y_CASS": 32889.734, "LATITUDE": 3.4714338, "LONGITUDE": 101.1733566, "GEOM_OK": true }, "geometry": { "type": "Polygon", "coordinates": [ [ [ 101.173005392257807, 3.471342549544997, 0.0 ], [ 101.173468281962897, 3.471796568561061, 0.0 ], [ 101.173698462506763, 3.471508701727106, 0.0 ], [ 101.173256787639531, 3.471080847142019, 0.0 ], [ 101.173005392257807, 3.471342549544997, 0.0 ] ] ] } },
{ "type": "Feature", "properties": { "UID": "PDRM-085", "AGENSI": "PDRM", "KATEGORI": "BALAI POLIS", "HIERARKI": "BALAI/UNIT", "NAMA": "Balai Polis Tanjung Karang", "UNIT": "PENGURUSAN", "INDUK": "IPD Kuala Selangor", "ZON": null, "DAERAH": null, "PBT": null, "ALAMAT": null, "TELEFON": null, "SRC_ID": "85", "X_CASS": -59253.717, "Y_CASS": 27692.769, "LATITUDE": 3.4244351, "LONGITUDE": 101.1693715, "GEOM_OK": true }, "geometry": { "type": "Polygon", "coordinates": [ [ [ 101.16885822530287, 3.424890334542062, 0.0 ], [ 101.169927785034318, 3.424806777372568, 0.0 ], [ 101.169910001755568, 3.423984172596673, 0.0 ], [ 101.168790772348942, 3.424071663033585, 0.0 ], [ 101.16885822530287, 3.424890334542062, 0.0 ] ] ] } },
{ "type": "Feature", "properties": { "UID": "PDRM-088", "AGENSI": "PDRM", "KATEGORI": "PONDOK POLIS", "HIERARKI": "BALAI/UNIT", "NAMA": "Pondok Polis Sungai Yu", "UNIT": "PENGURUSAN", "INDUK": "IPD Kuala Selangor", "ZON": null, "DAERAH": null, "PBT": null, "ALAMAT": null, "TELEFON": null, "SRC_ID": "88", "X_CASS": -54163.234, "Y_CASS": 22599.019, "LATITUDE": 3.3783801, "LONGITUDE": 101.2151896, "GEOM_OK": true }, "geometry": { "type": "Polygon", "coordinates": [ [ [ 101.215007979568895, 3.378241862343217, 0.0 ], [ 101.215209810388671, 3.378609857584999, 0.0 ], [ 101.215371137446652, 3.378521813504518, 0.0 ], [ 101.215170274769264, 3.378149166574614, 0.0 ], [ 101.215007979568895, 3.378241862343217, 0.0 ] ] ] } },
{ "type": "Feature", "properties": { "UID": "PDRM-009", "AGENSI": "PDRM", "KATEGORI": "IPD", "HIERARKI": "DAERAH", "NAMA": "IPD Kuala Selangor", "UNIT": "PENGURUSAN", "INDUK": "IPD Kuala Selangor", "ZON": null, "DAERAH": null, "PBT": null, "ALAMAT": "45000 Kuala Selangor, Selangor", "TELEFON": "03-32891222", "SRC_ID": "9", "X_CASS": -48697.123, "Y_CASS": 16297.661, "LATITUDE": 3.3214022, "LONGITUDE": 101.2643847, "GEOM_OK": true }, "geometry": { "type": "Polygon", "coordinates": [ [ [ 101.262596212160275, 3.321521219070851, 0.0 ], [ 101.264271873420512, 3.32323323328656, 0.0 ], [ 101.265797175859618, 3.321742131702571, 0.0 ], [ 101.265807412706963, 3.320787648792883, 0.0 ], [ 101.26460424269581, 3.319564390730482, 0.0 ], [ 101.262596212160275, 3.321521219070851, 0.0 ] ] ] } },
{ "type": "Feature", "properties": { "UID": "PDRM-084", "AGENSI": "PDRM", "KATEGORI": "BALAI POLIS", "HIERARKI": "BALAI/UNIT", "NAMA": "Balai Polis Kuala Selangor", "UNIT": "PENGURUSAN", "INDUK": "IPD Kuala Selangor", "ZON": null, "DAERAH": null, "PBT": null, "ALAMAT": null, "TELEFON": null, "SRC_ID": "84", "X_CASS": -48697.123, "Y_CASS": 16297.661, "LATITUDE": 3.3214022, "LONGITUDE": 101.2643847, "GEOM_OK": true }, "geometry": { "type": "Polygon", "coordinates": [ [ [ 101.262596212160275, 3.321521219070851, 0.0 ], [ 101.264271873420512, 3.32323323328656, 0.0 ], [ 101.265797175859618, 3.321742131702571, 0.0 ], [ 101.265807412706963, 3.320787648792883, 0.0 ], [ 101.26460424269581, 3.319564390730482, 0.0 ], [ 101.262596212160275, 3.321521219070851, 0.0 ] ] ] } },
{ "type": "Feature", "properties": { "UID": "PDRM-083", "AGENSI": "PDRM", "KATEGORI": "BALAI POLIS", "HIERARKI": "BALAI/UNIT", "NAMA": "Balai Polis Jeram", "UNIT": "PENGURUSAN", "INDUK": "IPD Kuala Selangor", "ZON": null, "DAERAH": null, "PBT": null, "ALAMAT": null, "TELEFON": null, "SRC_ID": "83", "X_CASS": -43023.032, "Y_CASS": 5779.831, "LATITUDE": 3.2262905, "LONGITUDE": 101.315448, "GEOM_OK": true }, "geometry": { "type": "Polygon", "coordinates": [ [ [ 101.315162599981022, 3.226747813548793, 0.0 ], [ 101.315799223131236, 3.226702635599597, 0.0 ], [ 101.31563244274561, 3.225771681478364, 0.0 ], [ 101.315177930538439, 3.225838443864825, 0.0 ], [ 101.315180744212412, 3.225897759728646, 0.0 ], [ 101.315162599981022, 3.226747813548793, 0.0 ] ] ] } },
{ "type": "Feature", "properties": { "UID": "PDRM-055", "AGENSI": "PDRM", "KATEGORI": "BALAI POLIS", "HIERARKI": "BALAI/UNIT", "NAMA": "Balai Polis Ulu Bernam", "UNIT": "PENGURUSAN", "INDUK": "IPD Hulu Selangor", "ZON": null, "DAERAH": null, "PBT": null, "ALAMAT": null, "TELEFON": null, "SRC_ID": "55", "X_CASS": -19736.14, "Y_CASS": 55007.506, "LATITUDE": 3.6714667, "LONGITUDE": 101.5250308, "GEOM_OK": true }, "geometry": { "type": "Polygon", "coordinates": [ [ [ 101.524079059537314, 3.671459708731937, 0.0 ], [ 101.524586525429896, 3.672223488665616, 0.0 ], [ 101.524819336650893, 3.672030291501267, 0.0 ], [ 101.524986931861861, 3.67228260581593, 0.0 ], [ 101.526045454936124, 3.671407090540698, 0.0 ], [ 101.525359673312707, 3.67086976898863, 0.0 ], [ 101.525462532209161, 3.670810949073173, 0.0 ], [ 101.525111090771389, 3.670566551543448, 0.0 ], [ 101.524708975948229, 3.671016410731431, 0.0 ], [ 101.524079059537314, 3.671459708731937, 0.0 ] ] ] } },
{ "type": "Feature", "properties": { "UID": "PDRM-050", "AGENSI": "PDRM", "KATEGORI": "BALAI POLIS", "HIERARKI": "BALAI/UNIT", "NAMA": "Balai Polis Kerling", "UNIT": "PENGURUSAN", "INDUK": "IPD Hulu Selangor", "ZON": null, "DAERAH": null, "PBT": null, "ALAMAT": null, "TELEFON": null, "SRC_ID": "50", "X_CASS": -11123.621, "Y_CASS": 46066.322, "LATITUDE": 3.590594, "LONGITUDE": 101.6025374, "GEOM_OK": true }, "geometry": { "type": "Polygon", "coordinates": [ [ [ 101.601581893886546, 3.590516737429808, 0.0 ], [ 101.603222951701852, 3.591076871515307, 0.0 ], [ 101.603420557775991, 3.590730449157707, 0.0 ], [ 101.6029941181596, 3.590462401137183, 0.0 ], [ 101.602745449618553, 3.590312920415035, 0.0 ], [ 101.601685444068949, 3.590227050819076, 0.0 ], [ 101.601581893886546, 3.590516737429808, 0.0 ] ] ] } },
{ "type": "Feature", "properties": { "UID": "PDRM-054", "AGENSI": "PDRM", "KATEGORI": "BALAI POLIS", "HIERARKI": "BALAI/UNIT", "NAMA": "Balai Polis Kalumpang", "UNIT": "PENGURUSAN", "INDUK": "IPD Hulu Selangor", "ZON": null, "DAERAH": null, "PBT": null, "ALAMAT": null, "TELEFON": null, "SRC_ID": "54", "X_CASS": -14435.596, "Y_CASS": 51521.972, "LATITUDE": 3.6399375, "LONGITUDE": 101.5727373, "GEOM_OK": true }, "geometry": { "type": "Polygon", "coordinates": [ [ [ 101.57242335158405, 3.640076389020739, 0.0 ], [ 101.572985149553688, 3.640167305542518, 0.0 ], [ 101.573055558079972, 3.639814221903633, 0.0 ], [ 101.572499528010752, 3.639694691925907, 0.0 ], [ 101.57242335158405, 3.640076389020739, 0.0 ] ] ] } },
{ "type": "Feature", "properties": { "UID": "PDRM-005", "AGENSI": "PDRM", "KATEGORI": "IPD", "HIERARKI": "DAERAH", "NAMA": "IPD Hulu Selangor", "UNIT": "PENGURUSAN", "INDUK": "IPD Hulu Selangor", "ZON": null, "DAERAH": null, "PBT": null, "ALAMAT": "44000 Kuala Kubu Bharu, Selangor", "TELEFON": "03-60651021", "SRC_ID": "5", "X_CASS": -4697.358, "Y_CASS": 42926.857, "LATITUDE": 3.5621876, "LONGITUDE": 101.66037, "GEOM_OK": true }, "geometry": { "type": "Polygon", "coordinates": [ [ [ 101.660220927773253, 3.562730286973345, 0.0 ], [ 101.660591050814617, 3.562720042249849, 0.0 ], [ 101.660517494269484, 3.562093045604532, 0.0 ], [ 101.660485817911606, 3.561595315064845, 0.0 ], [ 101.66018999365852, 3.561618333690258, 0.0 ], [ 101.660220927773253, 3.562730286973345, 0.0 ] ] ] } },
{ "type": "Feature", "properties": { "UID": "PDRM-048", "AGENSI": "PDRM", "KATEGORI": "BALAI POLIS", "HIERARKI": "BALAI/UNIT", "NAMA": "Balai Polis Kuala Kubu Bharu", "UNIT": "PENGURUSAN", "INDUK": "IPD Hulu Selangor", "ZON": null, "DAERAH": null, "PBT": null, "ALAMAT": null, "TELEFON": null, "SRC_ID": "48", "X_CASS": -4697.358, "Y_CASS": 42926.857, "LATITUDE": 3.5621876, "LONGITUDE": 101.66037, "GEOM_OK": true }, "geometry": { "type": "Polygon", "coordinates": [ [ [ 101.660220927773253, 3.562730286973345, 0.0 ], [ 101.660591050814617, 3.562720042249849, 0.0 ], [ 101.660517494269484, 3.562093045604532, 0.0 ], [ 101.660485817911606, 3.561595315064845, 0.0 ], [ 101.66018999365852, 3.561618333690258, 0.0 ], [ 101.660220927773253, 3.562730286973345, 0.0 ] ] ] } },
{ "type": "Feature", "properties": { "UID": "PDRM-051", "AGENSI": "PDRM", "KATEGORI": "BALAI POLIS", "HIERARKI": "BALAI/UNIT", "NAMA": "Balai Polis Rasa", "UNIT": "PENGURUSAN", "INDUK": "IPD Hulu Selangor", "ZON": null, "DAERAH": null, "PBT": null, "ALAMAT": null, "TELEFON": null, "SRC_ID": "51", "X_CASS": -7675.5, "Y_CASS": 35979.141, "LATITUDE": 3.4993651, "LONGITUDE": 101.633549, "GEOM_OK": true }, "geometry": { "type": "Polygon", "coordinates": [ [ [ 101.633378409798397, 3.499503601795987, 0.0 ], [ 101.633666770028412, 3.499547206265428, 0.0 ], [ 101.633711515654213, 3.499270745278191, 0.0 ], [ 101.63371540629258, 3.499222218954904, 0.0 ], [ 101.63343020521539, 3.499186019204512, 0.0 ], [ 101.633378409798397, 3.499503601795987, 0.0 ] ] ] } },
{ "type": "Feature", "properties": { "UID": "PDRM-049", "AGENSI": "PDRM", "KATEGORI": "BALAI POLIS", "HIERARKI": "BALAI/UNIT", "NAMA": "Balai Polis Batang Kali", "UNIT": "PENGURUSAN", "INDUK": "IPD Hulu Selangor", "ZON": null, "DAERAH": null, "PBT": null, "ALAMAT": null, "TELEFON": null, "SRC_ID": "49", "X_CASS": -6997.897, "Y_CASS": 32545.911, "LATITUDE": 3.4683159, "LONGITUDE": 101.6396391, "GEOM_OK": true }, "geometry": { "type": "Polygon", "coordinates": [ [ [ 101.639348733403864, 3.467956962767006, 0.0 ], [ 101.639465877777198, 3.468714343946419, 0.0 ], [ 101.639917894684046, 3.468632184783806, 0.0 ], [ 101.639849379495388, 3.46797576568022, 0.0 ], [ 101.639348733403864, 3.467956962767006, 0.0 ] ] ] } },
{ "type": "Feature", "properties": { "UID": "PDRM-053", "AGENSI": "PDRM", "KATEGORI": "BALAI POLIS", "HIERARKI": "BALAI/UNIT", "NAMA": "Balai Polis Bukit Sentosa", "UNIT": "PENGURUSAN", "INDUK": "IPD Hulu Selangor", "ZON": null, "DAERAH": null, "PBT": null, "ALAMAT": null, "TELEFON": null, "SRC_ID": "53", "X_CASS": -15568.434, "Y_CASS": 25120.024, "LATITUDE": 3.4011785, "LONGITUDE": 101.5624962, "GEOM_OK": true }, "geometry": { "type": "Polygon", "coordinates": [ [ [ 101.562077869506155, 3.401670929841452, 0.0 ], [ 101.562911707922495, 3.401673359394981, 0.0 ], [ 101.562914566483997, 3.400686049220457, 0.0 ], [ 101.562080728915461, 3.400683610611949, 0.0 ], [ 101.562077869506155, 3.401670929841452, 0.0 ] ] ] } },
{ "type": "Feature", "properties": { "UID": "PDRM-082", "AGENSI": "PDRM", "KATEGORI": "BALAI POLIS", "HIERARKI": "BALAI/UNIT", "NAMA": "Balai Polis Bestari Jaya", "UNIT": "PENGURUSAN", "INDUK": "IPD Kuala Selangor", "ZON": null, "DAERAH": null, "PBT": null, "ALAMAT": null, "TELEFON": null, "SRC_ID": "82", "X_CASS": -32618.279, "Y_CASS": 22454.408, "LATITUDE": 3.3770878, "LONGITUDE": 101.4090659, "GEOM_OK": true }, "geometry": { "type": "Polygon", "coordinates": [ [ [ 101.408896655220346, 3.377436117756331, 0.0 ], [ 101.40903732340621, 3.377433563732455, 0.0 ], [ 101.40920361744358, 3.377533926426874, 0.0 ], [ 101.409203664737745, 3.377426997512397, 0.0 ], [ 101.40930675565167, 3.377308820106319, 0.0 ], [ 101.409528968983437, 3.377308842573035, 0.0 ], [ 101.409622655868006, 3.377115350747076, 0.0 ], [ 101.409555519113837, 3.377091605166237, 0.0 ], [ 101.409229321312765, 3.376869512469744, 0.0 ], [ 101.409166193068657, 3.376804972640013, 0.0 ], [ 101.409133005383453, 3.376720721288766, 0.0 ], [ 101.409008094652989, 3.376719153662831, 0.0 ], [ 101.408543131005175, 3.376830547698912, 0.0 ], [ 101.408896655220346, 3.377436117756331, 0.0 ] ] ] } },
{ "type": "Feature", "properties": { "UID": "PDRM-052", "AGENSI": "PDRM", "KATEGORI": "BALAI POLIS", "HIERARKI": "BALAI/UNIT", "NAMA": "Balai Polis Serendah", "UNIT": "PENGURUSAN", "INDUK": "IPD Hulu Selangor", "ZON": null, "DAERAH": null, "PBT": null, "ALAMAT": null, "TELEFON": null, "SRC_ID": "52", "X_CASS": -10887.785, "Y_CASS": 21401.36, "LATITUDE": 3.3675409, "LONGITUDE": 101.6046095, "GEOM_OK": true }, "geometry": { "type": "Polygon", "coordinates": [ [ [ 101.604146061545507, 3.367753061338755, 0.0 ], [ 101.604673989899084, 3.367924479546501, 0.0 ], [ 101.605060118433286, 3.367375905991922, 0.0 ], [ 101.604759805617519, 3.367165650904997, 0.0 ], [ 101.604707229051812, 3.367097170781323, 0.0 ], [ 101.604177273096013, 3.367616620909479, 0.0 ], [ 101.604146061545507, 3.367753061338755, 0.0 ] ] ] } },
{ "type": "Feature", "properties": { "UID": "PDRM-034", "AGENSI": "PDRM", "KATEGORI": "BALAI POLIS", "HIERARKI": "BALAI/UNIT", "NAMA": "Balai Polis Country Homes", "UNIT": "PENGURUSAN", "INDUK": "IPD Gombak", "ZON": null, "DAERAH": null, "PBT": null, "ALAMAT": null, "TELEFON": null, "SRC_ID": "34", "X_CASS": -18433.611, "Y_CASS": 17526.783, "LATITUDE": 3.3325144, "LONGITUDE": 101.5367024, "GEOM_OK": true }, "geometry": { "type": "Polygon", "coordinates": [ [ [ 101.536799265147536, 3.33317334787432, 0.0 ], [ 101.537258564143116, 3.332133349428958, 0.0 ], [ 101.53672923667024, 3.331897214919846, 0.0 ], [ 101.536548357742532, 3.331967312775979, 0.0 ], [ 101.536144496603924, 3.332881233677885, 0.0 ], [ 101.536799265147536, 3.33317334787432, 0.0 ] ] ] } },
{ "type": "Feature", "properties": { "UID": "PDRM-029", "AGENSI": "PDRM", "KATEGORI": "BALAI POLIS", "HIERARKI": "BALAI/UNIT", "NAMA": "Balai Polis Rawang", "UNIT": "PENGURUSAN", "INDUK": "IPD Gombak", "ZON": null, "DAERAH": null, "PBT": null, "ALAMAT": null, "TELEFON": null, "SRC_ID": "29", "X_CASS": -13990.706, "Y_CASS": 16015.031, "LATITUDE": 3.3188363, "LONGITUDE": 101.5766783, "GEOM_OK": true }, "geometry": { "type": "Polygon", "coordinates": [ [ [ 101.576016177816015, 3.318871860170554, 0.0 ], [ 101.577266245504831, 3.319350393792863, 0.0 ], [ 101.577269617190765, 3.318813354307515, 0.0 ], [ 101.577167708402357, 3.318640346613094, 0.0 ], [ 101.577111647159285, 3.318625427664183, 0.0 ], [ 101.577122491453352, 3.318695428293743, 0.0 ], [ 101.57684127504416, 3.318861406467136, 0.0 ], [ 101.576529352487668, 3.318340305314841, 0.0 ], [ 101.576364573369531, 3.318236217946116, 0.0 ], [ 101.576016177816015, 3.318871860170554, 0.0 ] ] ] } },
{ "type": "Feature", "properties": { "UID": "PDRM-086", "AGENSI": "PDRM", "KATEGORI": "PONDOK POLIS", "HIERARKI": "BALAI/UNIT", "NAMA": "Pondok Polis Simpang Tiga Ijok", "UNIT": "PENGURUSAN", "INDUK": "IPD Kuala Selangor", "ZON": null, "DAERAH": null, "PBT": null, "ALAMAT": null, "TELEFON": null, "SRC_ID": "86", "X_CASS": -31799.001, "Y_CASS": 15612.598, "LATITUDE": 3.3152145, "LONGITUDE": 101.4164366, "GEOM_OK": true }, "geometry": { "type": "Polygon", "coordinates": [ [ [ 101.416065764177333, 3.31495731272377, 0.0 ], [ 101.416070277698125, 3.315591271426204, 0.0 ], [ 101.416111493763182, 3.315631952892195, 0.0 ], [ 101.416682721807064, 3.315626361827676, 0.0 ], [ 101.416813621614125, 3.314582035614502, 0.0 ], [ 101.416271736329051, 3.314992238973188, 0.0 ], [ 101.416065764177333, 3.31495731272377, 0.0 ] ] ] } },
{ "type": "Feature", "properties": { "UID": "PDRM-032", "AGENSI": "PDRM", "KATEGORI": "BALAI POLIS", "HIERARKI": "BALAI/UNIT", "NAMA": "Balai Polis Batu Arang", "UNIT": "PENGURUSAN", "INDUK": "IPD Gombak", "ZON": null, "DAERAH": null, "PBT": null, "ALAMAT": null, "TELEFON": null, "SRC_ID": "32", "X_CASS": -28604.329, "Y_CASS": 14319.399, "LATITUDE": 3.3035183, "LONGITUDE": 101.445182, "GEOM_OK": true }, "geometry": { "type": "Polygon", "coordinates": [ [ [ 101.445072785281241, 3.303571339324595, 0.0 ], [ 101.445210605784311, 3.303616750130112, 0.0 ], [ 101.445226711752994, 3.303608520637094, 0.0 ], [ 101.445244675763959, 3.303599478037691, 0.0 ], [ 101.445289594204425, 3.303462462720433, 0.0 ], [ 101.445165710071777, 3.303421394675572, 0.0 ], [ 101.445113366556328, 3.30344770938016, 0.0 ], [ 101.445072785281241, 3.303571339324595, 0.0 ] ] ] } },
{ "type": "Feature", "properties": { "UID": "PDRM-035", "AGENSI": "PDRM", "KATEGORI": "BALAI POLIS", "HIERARKI": "BALAI/UNIT", "NAMA": "Balai Polis Tasik Puteri", "UNIT": "PENGURUSAN", "INDUK": "IPD Gombak", "ZON": null, "DAERAH": null, "PBT": null, "ALAMAT": null, "TELEFON": null, "SRC_ID": "35", "X_CASS": -25499.161, "Y_CASS": 12189.135, "LATITUDE": 3.2842516, "LONGITUDE": 101.4731207, "GEOM_OK": true }, "geometry": { "type": "Polygon", "coordinates": [ [ [ 101.473014650914436, 3.284296923383021, 0.0 ], [ 101.473220917760841, 3.284314026004285, 0.0 ], [ 101.473231760023467, 3.284258766376026, 0.0 ], [ 101.473199551780965, 3.284209745801971, 0.0 ], [ 101.473038503070057, 3.284176004956683, 0.0 ], [ 101.473014650914436, 3.284296923383021, 0.0 ] ] ] } },
{ "type": "Feature", "properties": { "UID": "PDRM-031", "AGENSI": "PDRM", "KATEGORI": "BALAI POLIS", "HIERARKI": "BALAI/UNIT", "NAMA": "Balai Polis Kundang", "UNIT": "PENGURUSAN", "INDUK": "IPD Gombak", "ZON": null, "DAERAH": null, "PBT": null, "ALAMAT": null, "TELEFON": null, "SRC_ID": "31", "X_CASS": -21098.429, "Y_CASS": 11359.448, "LATITUDE": 3.2767443, "LONGITUDE": 101.5127168, "GEOM_OK": true }, "geometry": { "type": "Polygon", "coordinates": [ [ [ 101.512264316858563, 3.276884049804362, 0.0 ], [ 101.512550488302821, 3.277171924801046, 0.0 ], [ 101.513176409811351, 3.276593191281716, 0.0 ], [ 101.512874753678474, 3.276323765968178, 0.0 ], [ 101.512264316858563, 3.276884049804362, 0.0 ] ] ] } },
{ "type": "Feature", "properties": { "UID": "PDRM-090", "AGENSI": "PDRM", "KATEGORI": "PONDOK POLIS", "HIERARKI": "BALAI/UNIT", "NAMA": "Pondok Polis Alam Jaya", "UNIT": "PENGURUSAN", "INDUK": "IPD Kuala Selangor", "ZON": null, "DAERAH": null, "PBT": null, "ALAMAT": null, "TELEFON": null, "SRC_ID": "90", "X_CASS": -28440.182, "Y_CASS": 7198.555, "LATITUDE": 3.2391217, "LONGITUDE": 101.4466553, "GEOM_OK": true }, "geometry": { "type": "Polygon", "coordinates": [ [ [ 101.446601435304686, 3.239095555841586, 0.0 ], [ 101.446672435176282, 3.239179555938128, 0.0 ], [ 101.446709435304896, 3.239147556467433, 0.0 ], [ 101.446637434918259, 3.239063556430509, 0.0 ], [ 101.446601435304686, 3.239095555841586, 0.0 ] ] ] } },
{ "type": "Feature", "properties": { "UID": "PDRM-033", "AGENSI": "PDRM", "KATEGORI": "BALAI POLIS", "HIERARKI": "BALAI/UNIT", "NAMA": "Balai Polis Kuang", "UNIT": "PENGURUSAN", "INDUK": "IPD Gombak", "ZON": null, "DAERAH": null, "PBT": null, "ALAMAT": null, "TELEFON": null, "SRC_ID": "33", "X_CASS": -16495.642, "Y_CASS": 9161.682, "LATITUDE": 3.2568631, "LONGITUDE": 101.5541283, "GEOM_OK": true }, "geometry": { "type": "Polygon", "coordinates": [ [ [ 101.554007894781336, 3.257178471611343, 0.0 ], [ 101.554306756286067, 3.257146715508123, 0.0 ], [ 101.554250675275924, 3.256550709169479, 0.0 ], [ 101.553949026642186, 3.256577854493887, 0.0 ], [ 101.554007894781336, 3.257178471611343, 0.0 ] ] ] } },
{ "type": "Feature", "properties": { "UID": "PDRM-158", "AGENSI": "PDRM", "KATEGORI": "BALAI POLIS", "HIERARKI": "BALAI/UNIT", "NAMA": "Balai Polis Sungai Pelong", "UNIT": "PENGURUSAN", "INDUK": "IPD Sungai Buloh", "ZON": null, "DAERAH": null, "PBT": null, "ALAMAT": null, "TELEFON": null, "SRC_ID": "158", "X_CASS": -19055.505, "Y_CASS": 4572.324, "LATITUDE": 3.2153633, "LONGITUDE": 101.53109, "GEOM_OK": true }, "geometry": { "type": "Polygon", "coordinates": [ [ [ 101.530758092680458, 3.215896798225205, 0.0 ], [ 101.530889028285372, 3.215852672341257, 0.0 ], [ 101.531477917307328, 3.215210693792791, 0.0 ], [ 101.531478481643475, 3.214834206491786, 0.0 ], [ 101.530757900055079, 3.215333239005562, 0.0 ], [ 101.530758092680458, 3.215896798225205, 0.0 ] ] ] } },
{ "type": "Feature", "properties": { "UID": "PDRM-161", "AGENSI": "PDRM", "KATEGORI": "BALAI POLIS", "HIERARKI": "BALAI/UNIT", "NAMA": "Balai Polis Saujana Utama", "UNIT": "PENGURUSAN", "INDUK": "IPD Sungai Buloh", "ZON": null, "DAERAH": null, "PBT": null, "ALAMAT": null, "TELEFON": null, "SRC_ID": "161", "X_CASS": -24645.913, "Y_CASS": 3353.188, "LATITUDE": 3.204344, "LONGITUDE": 101.4807909, "GEOM_OK": true }, "geometry": { "type": "Polygon", "coordinates": [ [ [ 101.480704967654248, 3.204400004558237, 0.0 ], [ 101.480883218718105, 3.204400008427172, 0.0 ], [ 101.480883221074961, 3.20432546368557, 0.0 ], [ 101.480842078035579, 3.204284098356687, 0.0 ], [ 101.480704970845949, 3.204284104350392, 0.0 ], [ 101.480704967654248, 3.204400004558237, 0.0 ] ] ] } },
{ "type": "Feature", "properties": { "UID": "PDRM-016", "AGENSI": "PDRM", "KATEGORI": "IPD", "HIERARKI": "DAERAH", "NAMA": "IPD Sungai Buloh", "UNIT": "PENGURUSAN", "INDUK": "IPD Sungai Buloh", "ZON": null, "DAERAH": null, "PBT": null, "ALAMAT": "Jalan Besar, 47000 Sungai Buloh, Selangor", "TELEFON": "03-61561222", "SRC_ID": "16", "X_CASS": -14964.721, "Y_CASS": 2165.337, "LATITUDE": 3.1935902, "LONGITUDE": 101.5678919, "GEOM_OK": true }, "geometry": { "type": "Polygon", "coordinates": [ [ [ 101.567438638331225, 3.194608852672483, 0.0 ], [ 101.56852796103621, 3.194591470731974, 0.0 ], [ 101.568511243537927, 3.19277126965791, 0.0 ], [ 101.568035975057398, 3.19258558397316, 0.0 ], [ 101.56740937452598, 3.192699531254904, 0.0 ], [ 101.567069352389964, 3.193131682624349, 0.0 ], [ 101.567094006984391, 3.193602242823913, 0.0 ], [ 101.567383459972717, 3.19372496340228, 0.0 ], [ 101.567419494696395, 3.193838587055327, 0.0 ], [ 101.567438638331225, 3.194608852672483, 0.0 ] ] ] } },
{ "type": "Feature", "properties": { "UID": "PDRM-157", "AGENSI": "PDRM", "KATEGORI": "BALAI POLIS", "HIERARKI": "BALAI/UNIT", "NAMA": "Balai Polis Daerah Sungai Buloh", "UNIT": "PENGURUSAN", "INDUK": "IPD Sungai Buloh", "ZON": null, "DAERAH": null, "PBT": null, "ALAMAT": null, "TELEFON": null, "SRC_ID": "157", "X_CASS": -14964.721, "Y_CASS": 2165.337, "LATITUDE": 3.1935902, "LONGITUDE": 101.5678919, "GEOM_OK": true }, "geometry": { "type": "Polygon", "coordinates": [ [ [ 101.567438638331225, 3.194608852672483, 0.0 ], [ 101.56852796103621, 3.194591470731974, 0.0 ], [ 101.568511243537927, 3.19277126965791, 0.0 ], [ 101.568035975057398, 3.19258558397316, 0.0 ], [ 101.56740937452598, 3.192699531254904, 0.0 ], [ 101.567069352389964, 3.193131682624349, 0.0 ], [ 101.567094006984391, 3.193602242823913, 0.0 ], [ 101.567383459972717, 3.19372496340228, 0.0 ], [ 101.567419494696395, 3.193838587055327, 0.0 ], [ 101.567438638331225, 3.194608852672483, 0.0 ] ] ] } },
{ "type": "Feature", "properties": { "UID": "PDRM-099", "AGENSI": "PDRM", "KATEGORI": "BALAI KOMUNITI", "HIERARKI": "BALAI/UNIT", "NAMA": "Balai Polis Komuniti Bandar Sri Damansara", "UNIT": "JPJKK", "INDUK": "IPD Petaling Jaya", "ZON": null, "DAERAH": null, "PBT": null, "ALAMAT": null, "TELEFON": null, "SRC_ID": "99", "X_CASS": -10174.415, "Y_CASS": 2182.407, "LATITUDE": 3.1937362, "LONGITUDE": 101.6109905, "GEOM_OK": true }, "geometry": { "type": "Polygon", "coordinates": [ [ [ 101.610892822000935, 3.193904954793688, 0.0 ], [ 101.611193249203424, 3.193925960616633, 0.0 ], [ 101.610853834891046, 3.193345904551131, 0.0 ], [ 101.610870041978387, 3.193403867977223, 0.0 ], [ 101.610903852281155, 3.193736836617179, 0.0 ], [ 101.610892822000935, 3.193904954793688, 0.0 ] ] ] } },
{ "type": "Feature", "properties": { "UID": "PDRM-030", "AGENSI": "PDRM", "KATEGORI": "BALAI POLIS", "HIERARKI": "BALAI/UNIT", "NAMA": "Balai Polis Desa Jaya", "UNIT": "PENGURUSAN", "INDUK": "IPD Gombak", "ZON": null, "DAERAH": null, "PBT": null, "ALAMAT": null, "TELEFON": null, "SRC_ID": "30", "X_CASS": -8721.723, "Y_CASS": 5302.427, "LATITUDE": 3.2219486, "LONGITUDE": 101.6240668, "GEOM_OK": true }, "geometry": { "type": "Polygon", "coordinates": [ [ [ 101.623983512188246, 3.222016485588302, 0.0 ], [ 101.624033067191547, 3.222050847815124, 0.0 ], [ 101.624150111622654, 3.221880896492217, 0.0 ], [ 101.62410055658259, 3.221846353404077, 0.0 ], [ 101.623983512188246, 3.222016485588302, 0.0 ] ] ] } },
{ "type": "Feature", "properties": { "UID": "PDRM-003", "AGENSI": "PDRM", "KATEGORI": "IPD", "HIERARKI": "DAERAH", "NAMA": "IPD Gombak", "UNIT": "PENGURUSAN", "INDUK": "IPD Gombak", "ZON": null, "DAERAH": null, "PBT": null, "ALAMAT": "53100 Gombak, Selangor", "TELEFON": "03-61262222", "SRC_ID": "3", "X_CASS": -6800.923, "Y_CASS": 8722.913, "LATITUDE": 3.252877, "LONGITUDE": 101.6413565, "GEOM_OK": true }, "geometry": { "type": "Polygon", "coordinates": [ [ [ 101.64132929650593, 3.253547353787442, 0.0 ], [ 101.641354297869228, 3.253575690161201, 0.0 ], [ 101.6419242234401, 3.253324423979901, 0.0 ], [ 101.641944347418715, 3.253270428520114, 0.0 ], [ 101.641663061433675, 3.252667132052469, 0.0 ], [ 101.641384285359095, 3.252314176405002, 0.0 ], [ 101.641302824802878, 3.252164262311177, 0.0 ], [ 101.640745489438743, 3.252453277177517, 0.0 ], [ 101.64132929650593, 3.253547353787442, 0.0 ] ] ] } },
{ "type": "Feature", "properties": { "UID": "PDRM-028", "AGENSI": "PDRM", "KATEGORI": "BALAI POLIS", "HIERARKI": "BALAI/UNIT", "NAMA": "Balai Polis Selayang", "UNIT": "PENGURUSAN", "INDUK": "IPD Gombak", "ZON": null, "DAERAH": null, "PBT": null, "ALAMAT": null, "TELEFON": null, "SRC_ID": "28", "X_CASS": -6800.923, "Y_CASS": 8722.913, "LATITUDE": 3.252877, "LONGITUDE": 101.6413565, "GEOM_OK": true }, "geometry": { "type": "Polygon", "coordinates": [ [ [ 101.64132929650593, 3.253547353787442, 0.0 ], [ 101.641354297869228, 3.253575690161201, 0.0 ], [ 101.6419242234401, 3.253324423979901, 0.0 ], [ 101.641944347418715, 3.253270428520114, 0.0 ], [ 101.641663061433675, 3.252667132052469, 0.0 ], [ 101.641384285359095, 3.252314176405002, 0.0 ], [ 101.641302824802878, 3.252164262311177, 0.0 ], [ 101.640745489438743, 3.252453277177517, 0.0 ], [ 101.64132929650593, 3.253547353787442, 0.0 ] ] ] } },
{ "type": "Feature", "properties": { "UID": "PDRM-038", "AGENSI": "PDRM", "KATEGORI": "PONDOK POLIS", "HIERARKI": "BALAI/UNIT", "NAMA": "Pondok Polis Hospital Selayang", "UNIT": "PENGURUSAN", "INDUK": "IPD Gombak", "ZON": null, "DAERAH": null, "PBT": null, "ALAMAT": null, "TELEFON": null, "SRC_ID": "38", "X_CASS": -6091.146, "Y_CASS": 7579.816, "LATITUDE": 3.242538, "LONGITUDE": 101.6477401, "GEOM_OK": true }, "geometry": { "type": "Polygon", "coordinates": [ [ [ 101.647603912634693, 3.24271560937088, 0.0 ], [ 101.647821517106607, 3.242697626068491, 0.0 ], [ 101.647932057504462, 3.242507563336212, 0.0 ], [ 101.647696549132675, 3.242263807052979, 0.0 ], [ 101.647714415746591, 3.242382125164732, 0.0 ], [ 101.647664488127475, 3.242443092611325, 0.0 ], [ 101.647586007803412, 3.242450284088694, 0.0 ], [ 101.647589617169899, 3.242615217803468, 0.0 ], [ 101.647603912634693, 3.24271560937088, 0.0 ] ] ] } },
{ "type": "Feature", "properties": { "UID": "PDRM-037", "AGENSI": "PDRM", "KATEGORI": "PONDOK POLIS", "HIERARKI": "BALAI/UNIT", "NAMA": "Pondok Polis Selayang Baru", "UNIT": "PENGURUSAN", "INDUK": "IPD Gombak", "ZON": null, "DAERAH": null, "PBT": null, "ALAMAT": null, "TELEFON": null, "SRC_ID": "37", "X_CASS": -3510.751, "Y_CASS": 8190.741, "LATITUDE": 3.2480566, "LONGITUDE": 101.6709586, "GEOM_OK": true }, "geometry": { "type": "Polygon", "coordinates": [ [ [ 101.670718832371904, 3.248142643610007, 0.0 ], [ 101.671122099397522, 3.248380711109303, 0.0 ], [ 101.671210049500971, 3.248352661283538, 0.0 ], [ 101.671324914685783, 3.248139654079534, 0.0 ], [ 101.671305078642447, 3.248038725636003, 0.0 ], [ 101.67075809615406, 3.247702642906964, 0.0 ], [ 101.670564897558279, 3.248051684922156, 0.0 ], [ 101.670718832371904, 3.248142643610007, 0.0 ] ] ] } },
{ "type": "Feature", "properties": { "UID": "PDRM-036", "AGENSI": "PDRM", "KATEGORI": "BALAI POLIS", "HIERARKI": "BALAI/UNIT", "NAMA": "Balai Polis Batu Caves", "UNIT": "PENGURUSAN", "INDUK": "IPD Gombak", "ZON": null, "DAERAH": null, "PBT": null, "ALAMAT": null, "TELEFON": null, "SRC_ID": "36", "X_CASS": -1622.846, "Y_CASS": 6750.917, "LATITUDE": 3.2350309, "LONGITUDE": 101.6879412, "GEOM_OK": true }, "geometry": { "type": "Polygon", "coordinates": [ [ [ 101.68788572919037, 3.235133493993753, 0.0 ], [ 101.687995052338437, 3.235134469072805, 0.0 ], [ 101.687996875124909, 3.234928354039052, 0.0 ], [ 101.687887242541549, 3.23492755991533, 0.0 ], [ 101.68788572919037, 3.235133493993753, 0.0 ] ] ] } },
{ "type": "Feature", "properties": { "UID": "PDRM-027", "AGENSI": "PDRM", "KATEGORI": "BALAI POLIS", "HIERARKI": "BALAI/UNIT", "NAMA": "Balai Polis Gombak", "UNIT": "PENGURUSAN", "INDUK": "IPD Gombak", "ZON": null, "DAERAH": null, "PBT": null, "ALAMAT": null, "TELEFON": null, "SRC_ID": "27", "X_CASS": 1205.683, "Y_CASS": 4940.158, "LATITUDE": 3.2186479, "LONGITUDE": 101.7133854, "GEOM_OK": true }, "geometry": { "type": "Polygon", "coordinates": [ [ [ 101.713169702709678, 3.218245483786894, 0.0 ], [ 101.713133923294862, 3.218988643496711, 0.0 ], [ 101.713172952102909, 3.21903014775768, 0.0 ], [ 101.713583602903725, 3.219032688864886, 0.0 ], [ 101.713624474333855, 3.218991621193137, 0.0 ], [ 101.713619687071557, 3.218267009540687, 0.0 ], [ 101.713169702709678, 3.218245483786894, 0.0 ] ] ] } },
{ "type": "Feature", "properties": { "UID": "PDRM-020", "AGENSI": "PDRM", "KATEGORI": "BALAI POLIS", "HIERARKI": "BALAI/UNIT", "NAMA": "Balai Polis Taman Melawati", "UNIT": "PENGURUSAN", "INDUK": "IPD Ampang Jaya", "ZON": null, "DAERAH": null, "PBT": null, "ALAMAT": null, "TELEFON": null, "SRC_ID": "20", "X_CASS": 4972.316, "Y_CASS": 4217.974, "LATITUDE": 3.2121056, "LONGITUDE": 101.7472725, "GEOM_OK": true }, "geometry": { "type": "Polygon", "coordinates": [ [ [ 101.747085416171004, 3.212434375760353, 0.0 ], [ 101.747127458295154, 3.212388308148639, 0.0 ], [ 101.747344551850759, 3.212235433604018, 0.0 ], [ 101.747584095572776, 3.212207297394813, 0.0 ], [ 101.747503200967316, 3.211857990794017, 0.0 ], [ 101.746981267455396, 3.211984494682171, 0.0 ], [ 101.747085416171004, 3.212434375760353, 0.0 ] ] ] } },
{ "type": "Feature", "properties": { "UID": "PDRM-022", "AGENSI": "PDRM", "KATEGORI": "BALAI POLIS", "HIERARKI": "BALAI/UNIT", "NAMA": "Balai Polis Ukay Perdana", "UNIT": "PENGURUSAN", "INDUK": "IPD Ampang Jaya", "ZON": null, "DAERAH": null, "PBT": null, "ALAMAT": null, "TELEFON": null, "SRC_ID": "22", "X_CASS": 8315.541, "Y_CASS": 3362.47, "LATITUDE": 3.2043581, "LONGITUDE": 101.7773492, "GEOM_OK": true }, "geometry": { "type": "Polygon", "coordinates": [ [ [ 101.777231546668318, 3.204311016449204, 0.0 ], [ 101.777257230856279, 3.204403911563789, 0.0 ], [ 101.777302722937605, 3.204483978807149, 0.0 ], [ 101.777474969513918, 3.204370268754161, 0.0 ], [ 101.777448533694226, 3.204323755168109, 0.0 ], [ 101.777427873579768, 3.204249015520026, 0.0 ], [ 101.777231546668318, 3.204311016449204, 0.0 ] ] ] } },
{ "type": "Feature", "properties": { "UID": "PDRM-019", "AGENSI": "PDRM", "KATEGORI": "BALAI POLIS", "HIERARKI": "BALAI/UNIT", "NAMA": "Balai Polis Hulu Klang", "UNIT": "PENGURUSAN", "INDUK": "IPD Ampang Jaya", "ZON": null, "DAERAH": null, "PBT": null, "ALAMAT": null, "TELEFON": null, "SRC_ID": "19", "X_CASS": 5514.002, "Y_CASS": 243.204, "LATITUDE": 3.1761592, "LONGITUDE": 101.7521335, "GEOM_OK": true }, "geometry": { "type": "Polygon", "coordinates": [ [ [ 101.751582889165562, 3.176649587440014, 0.0 ], [ 101.751975461576393, 3.17675876065545, 0.0 ], [ 101.752385230225926, 3.17687314633308, 0.0 ], [ 101.752513144905521, 3.176669939228, 0.0 ], [ 101.752670029809195, 3.176353927698278, 0.0 ], [ 101.752794665332701, 3.175942968868939, 0.0 ], [ 101.752834760095595, 3.175696600814262, 0.0 ], [ 101.752789922646997, 3.175633172555843, 0.0 ], [ 101.7523736662, 3.175603673156215, 0.0 ], [ 101.752128134208917, 3.175611102042292, 0.0 ], [ 101.751523659086999, 3.175679016726922, 0.0 ], [ 101.751472203312304, 3.175744267572269, 0.0 ], [ 101.751582889165562, 3.176649587440014, 0.0 ] ] ] } },
{ "type": "Feature", "properties": { "UID": "PDRM-025", "AGENSI": "PDRM", "KATEGORI": "BALAI POLIS", "HIERARKI": "BALAI/UNIT", "NAMA": "Balai Polis Bukit Indah", "UNIT": "PENGURUSAN", "INDUK": "IPD Ampang Jaya", "ZON": null, "DAERAH": null, "PBT": null, "ALAMAT": null, "TELEFON": null, "SRC_ID": "25", "X_CASS": 8049.104, "Y_CASS": -2369.456, "LATITUDE": 3.152524, "LONGITUDE": 101.7749328, "GEOM_OK": true }, "geometry": { "type": "Polygon", "coordinates": [ [ [ 101.774801470239936, 3.152467508519175, 0.0 ], [ 101.774934429372607, 3.152667593782595, 0.0 ], [ 101.775016303027726, 3.152612498773052, 0.0 ], [ 101.775064148109379, 3.152580301211102, 0.0 ], [ 101.774931063082732, 3.152380496340677, 0.0 ], [ 101.774801470239936, 3.152467508519175, 0.0 ] ] ] } },
{ "type": "Feature", "properties": { "UID": "PDRM-002", "AGENSI": "PDRM", "KATEGORI": "IPD", "HIERARKI": "DAERAH", "NAMA": "IPD Ampang Jaya", "UNIT": "PENGURUSAN", "INDUK": "IPD Ampang Jaya", "ZON": null, "DAERAH": null, "PBT": null, "ALAMAT": "Taman Dagang, 68000 Ampang, Selangor", "TELEFON": "03-42897222", "SRC_ID": "2", "X_CASS": 5993.491, "Y_CASS": -2741.398, "LATITUDE": 3.1491672, "LONGITUDE": 101.7564379, "GEOM_OK": true }, "geometry": { "type": "Polygon", "coordinates": [ [ [ 101.756349931358741, 3.150113288058728, 0.0 ], [ 101.756376084352283, 3.150187645107458, 0.0 ], [ 101.756797911574708, 3.14992767426517, 0.0 ], [ 101.757096087196032, 3.149812525932566, 0.0 ], [ 101.756976567072215, 3.149286540176606, 0.0 ], [ 101.756941735095367, 3.149085693873329, 0.0 ], [ 101.756796017001847, 3.148245460753305, 0.0 ], [ 101.756673092035328, 3.148266977318979, 0.0 ], [ 101.756450343242506, 3.148338482312968, 0.0 ], [ 101.755613310174454, 3.148740496804578, 0.0 ], [ 101.756349931358741, 3.150113288058728, 0.0 ] ] ] } },
{ "type": "Feature", "properties": { "UID": "PDRM-017", "AGENSI": "PDRM", "KATEGORI": "BALAI POLIS", "HIERARKI": "BALAI/UNIT", "NAMA": "Balai Polis Ampang", "UNIT": "PENGURUSAN", "INDUK": "IPD Ampang Jaya", "ZON": null, "DAERAH": null, "PBT": null, "ALAMAT": null, "TELEFON": null, "SRC_ID": "17", "X_CASS": 7398.571, "Y_CASS": -4724.097, "LATITUDE": 3.1312326, "LONGITUDE": 101.7690725, "GEOM_OK": true }, "geometry": { "type": "Polygon", "coordinates": [ [ [ 101.768799622047155, 3.131671623884666, 0.0 ], [ 101.769086126631464, 3.131499222223246, 0.0 ], [ 101.769189651937936, 3.131437430257997, 0.0 ], [ 101.769443603013286, 3.13128482349692, 0.0 ], [ 101.769558570609945, 3.131109869446767, 0.0 ], [ 101.769326953927802, 3.130849081964227, 0.0 ], [ 101.769244822737107, 3.130912460184131, 0.0 ], [ 101.769047828881668, 3.130986490344562, 0.0 ], [ 101.768862045610092, 3.131055073634449, 0.0 ], [ 101.768664227976529, 3.131097467898377, 0.0 ], [ 101.768641413648922, 3.131144446547639, 0.0 ], [ 101.768799622047155, 3.131671623884666, 0.0 ] ] ] } },
{ "type": "Feature", "properties": { "UID": "PDRM-026", "AGENSI": "PDRM", "KATEGORI": "PONDOK POLIS", "HIERARKI": "BALAI/UNIT", "NAMA": "Pondok Polis Hospital Ampang", "UNIT": "PENGURUSAN", "INDUK": "IPD Ampang Jaya", "ZON": null, "DAERAH": null, "PBT": null, "ALAMAT": null, "TELEFON": null, "SRC_ID": "26", "X_CASS": 6767.631, "Y_CASS": -5047.39, "LATITUDE": 3.1283111, "LONGITUDE": 101.7633952, "GEOM_OK": true }, "geometry": { "type": "Polygon", "coordinates": [ [ [ 101.763299687925795, 3.128401508378704, 0.0 ], [ 101.763501432861176, 3.128401436078032, 0.0 ], [ 101.763491282472572, 3.128222304160071, 0.0 ], [ 101.763289535473646, 3.128218996999843, 0.0 ], [ 101.763299687925795, 3.128401508378704, 0.0 ] ] ] } },
{ "type": "Feature", "properties": { "UID": "PDRM-018", "AGENSI": "PDRM", "KATEGORI": "BALAI POLIS", "HIERARKI": "BALAI/UNIT", "NAMA": "Balai Polis Pandan Indah", "UNIT": "PENGURUSAN", "INDUK": "IPD Ampang Jaya", "ZON": null, "DAERAH": null, "PBT": null, "ALAMAT": null, "TELEFON": null, "SRC_ID": "18", "X_CASS": 5304.185, "Y_CASS": -5089.114, "LATITUDE": 3.1279384, "LONGITUDE": 101.7502292, "GEOM_OK": true }, "geometry": { "type": "Polygon", "coordinates": [ [ [ 101.749667906403289, 3.128681323747309, 0.0 ], [ 101.750545807743066, 3.128752796747094, 0.0 ], [ 101.750634459485639, 3.128677056146629, 0.0 ], [ 101.750699162893483, 3.128571015932605, 0.0 ], [ 101.750780652065558, 3.127197612587301, 0.0 ], [ 101.749794450102087, 3.127115159126531, 0.0 ], [ 101.749676769623377, 3.128571417939119, 0.0 ], [ 101.749667906403289, 3.128681323747309, 0.0 ] ] ] } },
{ "type": "Feature", "properties": { "UID": "PDRM-024", "AGENSI": "PDRM", "KATEGORI": "BALAI POLIS", "HIERARKI": "BALAI/UNIT", "NAMA": "Balai Polis Taman Muda", "UNIT": "PENGURUSAN", "INDUK": "IPD Ampang Jaya", "ZON": null, "DAERAH": null, "PBT": null, "ALAMAT": null, "TELEFON": null, "SRC_ID": "24", "X_CASS": 6473.536, "Y_CASS": -5938.481, "LATITUDE": 3.1202537, "LONGITUDE": 101.7607465, "GEOM_OK": true }, "geometry": { "type": "Polygon", "coordinates": [ [ [ 101.760710405855534, 3.120347216485523, 0.0 ], [ 101.760765015230547, 3.120352276554029, 0.0 ], [ 101.760782629048222, 3.120160137548378, 0.0 ], [ 101.760728019683143, 3.120155077480012, 0.0 ], [ 101.760710405855534, 3.120347216485523, 0.0 ] ] ] } },
{ "type": "Feature", "properties": { "UID": "PDRM-023", "AGENSI": "PDRM", "KATEGORI": "BALAI POLIS", "HIERARKI": "BALAI/UNIT", "NAMA": "Balai Polis Pandan Perdana", "UNIT": "PENGURUSAN", "INDUK": "IPD Ampang Jaya", "ZON": null, "DAERAH": null, "PBT": null, "ALAMAT": null, "TELEFON": null, "SRC_ID": "23", "X_CASS": 4672.566, "Y_CASS": -6847.051, "LATITUDE": 3.1120429, "LONGITUDE": 101.7445415, "GEOM_OK": true }, "geometry": { "type": "Polygon", "coordinates": [ [ [ 101.744463209945451, 3.111964322608566, 0.0 ], [ 101.744532644868983, 3.11214402938032, 0.0 ], [ 101.744621307731592, 3.112110188745262, 0.0 ], [ 101.744563151061527, 3.111970219915324, 0.0 ], [ 101.74450887095216, 3.111946809931549, 0.0 ], [ 101.744463209945451, 3.111964322608566, 0.0 ] ] ] } },
{ "type": "Feature", "properties": { "UID": "PDRM-060", "AGENSI": "PDRM", "KATEGORI": "BALAI POLIS", "HIERARKI": "BALAI/UNIT", "NAMA": "Balai Polis Batu 9 Cheras", "UNIT": "PENGURUSAN", "INDUK": "IPD Kajang", "ZON": null, "DAERAH": null, "PBT": null, "ALAMAT": null, "TELEFON": null, "SRC_ID": "60", "X_CASS": 7594.825, "Y_CASS": -11693.479, "LATITUDE": 3.0682063, "LONGITUDE": 101.7708155, "GEOM_OK": true }, "geometry": { "type": "Polygon", "coordinates": [ [ [ 101.770474974502591, 3.068324641341384, 0.0 ], [ 101.77044009674421, 3.068359692915217, 0.0 ], [ 101.770595216377785, 3.068515570697452, 0.0 ], [ 101.770614166141144, 3.068496258474436, 0.0 ], [ 101.771062906780017, 3.0682558023915, 0.0 ], [ 101.771210510402241, 3.068027430502678, 0.0 ], [ 101.771082180267584, 3.067942961405444, 0.0 ], [ 101.77082164219604, 3.067991570672519, 0.0 ], [ 101.770499220632601, 3.068222707866345, 0.0 ], [ 101.770474974502591, 3.068324641341384, 0.0 ] ] ] } },
{ "type": "Feature", "properties": { "UID": "PDRM-096", "AGENSI": "PDRM", "KATEGORI": "BALAI POLIS", "HIERARKI": "BALAI/UNIT", "NAMA": "Balai Polis Kota Damansara", "UNIT": "PENGURUSAN", "INDUK": "IPD Petaling Jaya", "ZON": null, "DAERAH": null, "PBT": null, "ALAMAT": null, "TELEFON": null, "SRC_ID": "96", "X_CASS": -12132.652, "Y_CASS": -2417.091, "LATITUDE": 3.1521449, "LONGITUDE": 101.593364, "GEOM_OK": true }, "geometry": { "type": "Polygon", "coordinates": [ [ [ 101.592874246692077, 3.152463008752163, 0.0 ], [ 101.593884421520514, 3.152413548262085, 0.0 ], [ 101.593860401696674, 3.151827490450628, 0.0 ], [ 101.592836604924969, 3.151878242500051, 0.0 ], [ 101.592874246692077, 3.152463008752163, 0.0 ] ] ] } },
{ "type": "Feature", "properties": { "UID": "PDRM-092", "AGENSI": "PDRM", "KATEGORI": "BALAI POLIS", "HIERARKI": "BALAI/UNIT", "NAMA": "Balai Polis Damansara", "UNIT": "PENGURUSAN", "INDUK": "IPD Petaling Jaya", "ZON": null, "DAERAH": null, "PBT": null, "ALAMAT": null, "TELEFON": null, "SRC_ID": "92", "X_CASS": -8677.368, "Y_CASS": -4590.467, "LATITUDE": 3.1324837, "LONGITUDE": 101.6244456, "GEOM_OK": true }, "geometry": { "type": "Polygon", "coordinates": [ [ [ 101.624089015471938, 3.132844323664962, 0.0 ], [ 101.624307160744877, 3.132825841521499, 0.0 ], [ 101.624680792822119, 3.132889256927523, 0.0 ], [ 101.624728218615473, 3.132855293582671, 0.0 ], [ 101.624854400479052, 3.132104161269211, 0.0 ], [ 101.624820911839834, 3.132071482194657, 0.0 ], [ 101.624036983149935, 3.132228591223033, 0.0 ], [ 101.624089015471938, 3.132844323664962, 0.0 ] ] ] } },
{ "type": "Feature", "properties": { "UID": "PDRM-094", "AGENSI": "PDRM", "KATEGORI": "BALAI POLIS", "HIERARKI": "BALAI/UNIT", "NAMA": "Balai Polis Sea Park", "UNIT": "PENGURUSAN", "INDUK": "IPD Petaling Jaya", "ZON": null, "DAERAH": null, "PBT": null, "ALAMAT": null, "TELEFON": null, "SRC_ID": "94", "X_CASS": -8816.61, "Y_CASS": -6240.09, "LATITUDE": 3.1175659, "LONGITUDE": 101.6231896, "GEOM_OK": true }, "geometry": { "type": "Polygon", "coordinates": [ [ [ 101.622723515752483, 3.11742398539535, 0.0 ], [ 101.623221208872764, 3.11803818559569, 0.0 ], [ 101.623272173293842, 3.118037420286105, 0.0 ], [ 101.623649993595734, 3.117541329245883, 0.0 ], [ 101.623637096394745, 3.117492460110336, 0.0 ], [ 101.623289423492423, 3.117308144437768, 0.0 ], [ 101.623132309839846, 3.117184958473982, 0.0 ], [ 101.6230712124636, 3.117139296584106, 0.0 ], [ 101.622723515752483, 3.11742398539535, 0.0 ] ] ] } },
{ "type": "Feature", "properties": { "UID": "PDRM-010", "AGENSI": "PDRM", "KATEGORI": "IPD", "HIERARKI": "DAERAH", "NAMA": "IPD Petaling Jaya", "UNIT": "PENGURUSAN", "INDUK": "IPD Petaling Jaya", "ZON": null, "DAERAH": null, "PBT": null, "ALAMAT": "Jalan Pencala, 46050 Petaling Jaya, Selangor", "TELEFON": "03-79662222", "SRC_ID": "10", "X_CASS": -6696.125, "Y_CASS": -8312.123, "LATITUDE": 3.0988234, "LONGITUDE": 101.6422619, "GEOM_OK": true }, "geometry": { "type": "Polygon", "coordinates": [ [ [ 101.641426965970581, 3.098140193035648, 0.0 ], [ 101.64162206023795, 3.099137174741762, 0.0 ], [ 101.641724949908223, 3.099402210427055, 0.0 ], [ 101.641960902129881, 3.099702211915672, 0.0 ], [ 101.643155905136183, 3.09946824646839, 0.0 ], [ 101.64316694448064, 3.099359179315043, 0.0 ], [ 101.643223039024818, 3.099172235428963, 0.0 ], [ 101.642865920761665, 3.09889017374489, 0.0 ], [ 101.642671095496056, 3.097894096625656, 0.0 ], [ 101.641426965970581, 3.098140193035648, 0.0 ] ] ] } },
{ "type": "Feature", "properties": { "UID": "PDRM-091", "AGENSI": "PDRM", "KATEGORI": "BALAI POLIS", "HIERARKI": "BALAI/UNIT", "NAMA": "Balai Polis Petaling Jaya", "UNIT": "PENGURUSAN", "INDUK": "IPD Petaling Jaya", "ZON": null, "DAERAH": null, "PBT": null, "ALAMAT": null, "TELEFON": null, "SRC_ID": "91", "X_CASS": -6696.125, "Y_CASS": -8312.123, "LATITUDE": 3.0988234, "LONGITUDE": 101.6422619, "GEOM_OK": true }, "geometry": { "type": "Polygon", "coordinates": [ [ [ 101.641426965970581, 3.098140193035648, 0.0 ], [ 101.64162206023795, 3.099137174741762, 0.0 ], [ 101.641724949908223, 3.099402210427055, 0.0 ], [ 101.641960902129881, 3.099702211915672, 0.0 ], [ 101.643155905136183, 3.09946824646839, 0.0 ], [ 101.64316694448064, 3.099359179315043, 0.0 ], [ 101.643223039024818, 3.099172235428963, 0.0 ], [ 101.642865920761665, 3.09889017374489, 0.0 ], [ 101.642671095496056, 3.097894096625656, 0.0 ], [ 101.641426965970581, 3.098140193035648, 0.0 ] ] ] } },
{ "type": "Feature", "properties": { "UID": "PDRM-095", "AGENSI": "PDRM", "KATEGORI": "BALAI POLIS", "HIERARKI": "BALAI/UNIT", "NAMA": "Balai Polis Sungai Way", "UNIT": "PENGURUSAN", "INDUK": "IPD Petaling Jaya", "ZON": null, "DAERAH": null, "PBT": null, "ALAMAT": null, "TELEFON": null, "SRC_ID": "95", "X_CASS": -9043.24, "Y_CASS": -9600.419, "LATITUDE": 3.0871777, "LONGITUDE": 101.6211442, "GEOM_OK": true }, "geometry": { "type": "Polygon", "coordinates": [ [ [ 101.620710405153346, 3.087500038825758, 0.0 ], [ 101.620821988062787, 3.087537394192883, 0.0 ], [ 101.621558545536274, 3.087451628232623, 0.0 ], [ 101.62155865742362, 3.086817567388684, 0.0 ], [ 101.621518288245824, 3.086784047831682, 0.0 ], [ 101.620752635430136, 3.086932207390697, 0.0 ], [ 101.620712068174186, 3.086981426013959, 0.0 ], [ 101.620710405153346, 3.087500038825758, 0.0 ] ] ] } },
{ "type": "Feature", "properties": { "UID": "PDRM-093", "AGENSI": "PDRM", "KATEGORI": "BALAI POLIS", "HIERARKI": "BALAI/UNIT", "NAMA": "Balai Polis Kelana Jaya", "UNIT": "PENGURUSAN", "INDUK": "IPD Petaling Jaya", "ZON": null, "DAERAH": null, "PBT": null, "ALAMAT": null, "TELEFON": null, "SRC_ID": "93", "X_CASS": -11372.693, "Y_CASS": -8088.489, "LATITUDE": 3.100855, "LONGITUDE": 101.6001908, "GEOM_OK": true }, "geometry": { "type": "Polygon", "coordinates": [ [ [ 101.599879106557182, 3.101321784705343, 0.0 ], [ 101.600439683282843, 3.101355711146425, 0.0 ], [ 101.600503624486052, 3.100389362101181, 0.0 ], [ 101.599940943070607, 3.100354531522438, 0.0 ], [ 101.599879106557182, 3.101321784705343, 0.0 ] ] ] } },
{ "type": "Feature", "properties": { "UID": "PDRM-097", "AGENSI": "PDRM", "KATEGORI": "BALAI POLIS", "HIERARKI": "BALAI/UNIT", "NAMA": "Balai Polis Ara Damansara", "UNIT": "PENGURUSAN", "INDUK": "IPD Petaling Jaya", "ZON": null, "DAERAH": null, "PBT": null, "ALAMAT": null, "TELEFON": null, "SRC_ID": "97", "X_CASS": -13062.731, "Y_CASS": -6328.816, "LATITUDE": 3.1167714, "LONGITUDE": 101.5849898, "GEOM_OK": true }, "geometry": { "type": "Polygon", "coordinates": [ [ [ 101.58462495511418, 3.117426642003737, 0.0 ], [ 101.585351986380687, 3.117375407663273, 0.0 ], [ 101.585351903406647, 3.116135121004093, 0.0 ], [ 101.584639058625328, 3.116139747928067, 0.0 ], [ 101.58462495511418, 3.117426642003737, 0.0 ] ] ] } },
{ "type": "Feature", "properties": { "UID": "PDRM-139", "AGENSI": "PDRM", "KATEGORI": "BALAI POLIS", "HIERARKI": "BALAI/UNIT", "NAMA": "Balai Polis Bukit Jelutong", "UNIT": "PENGURUSAN", "INDUK": "IPD Shah Alam", "ZON": null, "DAERAH": null, "PBT": null, "ALAMAT": null, "TELEFON": null, "SRC_ID": "139", "X_CASS": -16623.296, "Y_CASS": -6899.204, "LATITUDE": 3.1116186, "LONGITUDE": 101.5529568, "GEOM_OK": true }, "geometry": { "type": "Polygon", "coordinates": [ [ [ 101.55276858862031, 3.111782246756079, 0.0 ], [ 101.553061869391556, 3.111841344136163, 0.0 ], [ 101.553152759671633, 3.111461367299633, 0.0 ], [ 101.552843036755789, 3.111396730461866, 0.0 ], [ 101.55276858862031, 3.111782246756079, 0.0 ] ] ] } },
{ "type": "Feature", "properties": { "UID": "PDRM-100", "AGENSI": "PDRM", "KATEGORI": "BALAI LAPANGAN TERBANG", "HIERARKI": "BALAI/UNIT", "NAMA": "Balai Polis LTSAAS", "UNIT": "PENGURUSAN", "INDUK": "IPD Petaling Jaya", "ZON": null, "DAERAH": null, "PBT": null, "ALAMAT": null, "TELEFON": null, "SRC_ID": "100", "X_CASS": -16570.512, "Y_CASS": -4449.28, "LATITUDE": 3.1337742, "LONGITUDE": 101.5534351, "GEOM_OK": true }, "geometry": { "type": "Polygon", "coordinates": [ [ [ 101.553347575688818, 3.133788294049158, 0.0 ], [ 101.553468318252555, 3.133858158746318, 0.0 ], [ 101.553522658245285, 3.133761403667016, 0.0 ], [ 101.553402686755604, 3.133689332338957, 0.0 ], [ 101.553347575688818, 3.133788294049158, 0.0 ] ] ] } },
{ "type": "Feature", "properties": { "UID": "PDRM-159", "AGENSI": "PDRM", "KATEGORI": "BALAI POLIS", "HIERARKI": "BALAI/UNIT", "NAMA": "Balai Polis Kampung Baru Subang", "UNIT": "PENGURUSAN", "INDUK": "IPD Sungai Buloh", "ZON": null, "DAERAH": null, "PBT": null, "ALAMAT": null, "TELEFON": null, "SRC_ID": "159", "X_CASS": -18551.083, "Y_CASS": -3529.183, "LATITUDE": 3.1420976, "LONGITUDE": 101.535618, "GEOM_OK": true }, "geometry": { "type": "Polygon", "coordinates": [ [ [ 101.534733852080748, 3.141720176711285, 0.0 ], [ 101.536062453975106, 3.142985196656537, 0.0 ], [ 101.536494874766333, 3.1424922482326, 0.0 ], [ 101.535208111848974, 3.141215217506171, 0.0 ], [ 101.534947579214602, 3.141491041609291, 0.0 ], [ 101.534733852080748, 3.141720176711285, 0.0 ] ] ] } },
{ "type": "Feature", "properties": { "UID": "PDRM-147", "AGENSI": "PDRM", "KATEGORI": "PONDOK POLIS", "HIERARKI": "BALAI/UNIT", "NAMA": "Pondok Polis Komuniti U9 Cahaya SPK", "UNIT": "PENGURUSAN", "INDUK": "IPD Shah Alam", "ZON": null, "DAERAH": null, "PBT": null, "ALAMAT": null, "TELEFON": null, "SRC_ID": "147", "X_CASS": -21770.91, "Y_CASS": -3983.481, "LATITUDE": 3.1379929, "LONGITUDE": 101.5066501, "GEOM_OK": true }, "geometry": { "type": "Polygon", "coordinates": [ [ [ 101.506525891654761, 3.138012452277423, 0.0 ], [ 101.506610648157178, 3.138111170297893, 0.0 ], [ 101.506776760519983, 3.137967054331969, 0.0 ], [ 101.506718876709513, 3.137899635613052, 0.0 ], [ 101.506660866946319, 3.137895358067928, 0.0 ], [ 101.506525891654761, 3.138012452277423, 0.0 ] ] ] } },
{ "type": "Feature", "properties": { "UID": "PDRM-141", "AGENSI": "PDRM", "KATEGORI": "BALAI KOMUNITI", "HIERARKI": "BALAI/UNIT", "NAMA": "Balai Polis Komuniti U13 Setia Alam", "UNIT": "JPJKK", "INDUK": "IPD Shah Alam", "ZON": null, "DAERAH": null, "PBT": null, "ALAMAT": null, "TELEFON": null, "SRC_ID": "141", "X_CASS": -27063.947, "Y_CASS": -4442.561, "LATITUDE": 3.1338455, "LONGITUDE": 101.4590308, "GEOM_OK": true }, "geometry": { "type": "Polygon", "coordinates": [ [ [ 101.459002607311561, 3.133934870911154, 0.0 ], [ 101.459057441065582, 3.133935325594669, 0.0 ], [ 101.459058933610009, 3.133756166465005, 0.0 ], [ 101.459004090869158, 3.133755702737885, 0.0 ], [ 101.459002607311561, 3.133934870911154, 0.0 ] ] ] } },
{ "type": "Feature", "properties": { "UID": "PDRM-080", "AGENSI": "PDRM", "KATEGORI": "BALAI POLIS", "HIERARKI": "BALAI/UNIT", "NAMA": "Balai Polis Meru", "UNIT": "PENGURUSAN", "INDUK": "IPD Klang Utara", "ZON": null, "DAERAH": null, "PBT": null, "ALAMAT": null, "TELEFON": null, "SRC_ID": "80", "X_CASS": -29118.628, "Y_CASS": -4333.669, "LATITUDE": 3.1348314, "LONGITUDE": 101.4405458, "GEOM_OK": true }, "geometry": { "type": "Polygon", "coordinates": [ [ [ 101.440469335777308, 3.134946809336244, 0.0 ], [ 101.440591669489194, 3.134962101149021, 0.0 ], [ 101.44062237158758, 3.134715897056894, 0.0 ], [ 101.44050000911561, 3.13470061700506, 0.0 ], [ 101.440469335777308, 3.134946809336244, 0.0 ] ] ] } },
{ "type": "Feature", "properties": { "UID": "PDRM-076", "AGENSI": "PDRM", "KATEGORI": "BALAI POLIS", "HIERARKI": "BALAI/UNIT", "NAMA": "Balai Polis Kapar", "UNIT": "PENGURUSAN", "INDUK": "IPD Klang Utara", "ZON": null, "DAERAH": null, "PBT": null, "ALAMAT": null, "TELEFON": null, "SRC_ID": "76", "X_CASS": -36269.266, "Y_CASS": -4019.14, "LATITUDE": 3.137677, "LONGITUDE": 101.3762149, "GEOM_OK": true }, "geometry": { "type": "Polygon", "coordinates": [ [ [ 101.375622952905601, 3.136871720791004, 0.0 ], [ 101.375731620022236, 3.137180267491933, 0.0 ], [ 101.375680516703724, 3.137199252595631, 0.0 ], [ 101.376086091035546, 3.138348945328363, 0.0 ], [ 101.377010608678489, 3.138024430555001, 0.0 ], [ 101.375766976533214, 3.136818464121234, 0.0 ], [ 101.375622952905601, 3.136871720791004, 0.0 ] ] ] } },
{ "type": "Feature", "properties": { "UID": "PDRM-008", "AGENSI": "PDRM", "KATEGORI": "IPD", "HIERARKI": "DAERAH", "NAMA": "IPD Klang Utara", "UNIT": "PENGURUSAN", "INDUK": "IPD Klang Utara", "ZON": null, "DAERAH": null, "PBT": null, "ALAMAT": "Jalan Harapan 3A/KU7, Taman Sungai Kapar Indah, 42200 Kapar, Klang", "TELEFON": "03-32912222", "SRC_ID": "8", "X_CASS": -36236.117, "Y_CASS": -8496.22, "LATITUDE": 3.0971888, "LONGITUDE": 101.3765136, "GEOM_OK": true }, "geometry": { "type": "Polygon", "coordinates": [ [ [ 101.376344790820085, 3.097350974240961, 0.0 ], [ 101.376751445202274, 3.097218421398434, 0.0 ], [ 101.37670500576624, 3.09707423603145, 0.0 ], [ 101.376635640945224, 3.097038768691926, 0.0 ], [ 101.376281329444055, 3.097154326811252, 0.0 ], [ 101.376344790820085, 3.097350974240961, 0.0 ] ] ] } },
{ "type": "Feature", "properties": { "UID": "PDRM-079", "AGENSI": "PDRM", "KATEGORI": "BALAI POLIS", "HIERARKI": "BALAI/UNIT", "NAMA": "Balai Polis Sungai Kapar Indah", "UNIT": "PENGURUSAN", "INDUK": "IPD Klang Utara", "ZON": null, "DAERAH": null, "PBT": null, "ALAMAT": null, "TELEFON": null, "SRC_ID": "79", "X_CASS": -36236.117, "Y_CASS": -8496.22, "LATITUDE": 3.0971888, "LONGITUDE": 101.3765136, "GEOM_OK": true }, "geometry": { "type": "Polygon", "coordinates": [ [ [ 101.376344790820085, 3.097350974240961, 0.0 ], [ 101.376751445202274, 3.097218421398434, 0.0 ], [ 101.37670500576624, 3.09707423603145, 0.0 ], [ 101.376635640945224, 3.097038768691926, 0.0 ], [ 101.376281329444055, 3.097154326811252, 0.0 ], [ 101.376344790820085, 3.097350974240961, 0.0 ] ] ] } },
{ "type": "Feature", "properties": { "UID": "PDRM-077", "AGENSI": "PDRM", "KATEGORI": "BALAI POLIS", "HIERARKI": "BALAI/UNIT", "NAMA": "Balai Polis Bukit Raja", "UNIT": "PENGURUSAN", "INDUK": "IPD Klang Utara", "ZON": null, "DAERAH": null, "PBT": null, "ALAMAT": null, "TELEFON": null, "SRC_ID": "77", "X_CASS": -30444.935, "Y_CASS": -10564.962, "LATITUDE": 3.0784796, "LONGITUDE": 101.4286116, "GEOM_OK": true }, "geometry": { "type": "Polygon", "coordinates": [ [ [ 101.428548067948597, 3.078570561964646, 0.0 ], [ 101.428675813572269, 3.078568636384835, 0.0 ], [ 101.428676914378315, 3.078389540242183, 0.0 ], [ 101.428545608139018, 3.078391428876119, 0.0 ], [ 101.428548067948597, 3.078570561964646, 0.0 ] ] ] } },
{ "type": "Feature", "properties": { "UID": "PDRM-078", "AGENSI": "PDRM", "KATEGORI": "BALAI POLIS", "HIERARKI": "BALAI/UNIT", "NAMA": "Balai Polis Bandar Baru Klang", "UNIT": "PENGURUSAN", "INDUK": "IPD Klang Utara", "ZON": null, "DAERAH": null, "PBT": null, "ALAMAT": null, "TELEFON": null, "SRC_ID": "78", "X_CASS": -26182.088, "Y_CASS": -12271.433, "LATITUDE": 3.0630452, "LONGITUDE": 101.4669593, "GEOM_OK": true }, "geometry": { "type": "Polygon", "coordinates": [ [ [ 101.466912886847297, 3.063184834805021, 0.0 ], [ 101.467033095624046, 3.063170906386226, 0.0 ], [ 101.467002143656558, 3.062901114277428, 0.0 ], [ 101.466935303986546, 3.062901113730268, 0.0 ], [ 101.46688672459986, 3.062956100406413, 0.0 ], [ 101.466912886847297, 3.063184834805021, 0.0 ] ] ] } },
{ "type": "Feature", "properties": { "UID": "PDRM-136", "AGENSI": "PDRM", "KATEGORI": "BALAI POLIS", "HIERARKI": "BALAI/UNIT", "NAMA": "Balai Polis Seksyen 6", "UNIT": "PENGURUSAN", "INDUK": "IPD Shah Alam", "ZON": null, "DAERAH": null, "PBT": null, "ALAMAT": null, "TELEFON": null, "SRC_ID": "136", "X_CASS": -21611.086, "Y_CASS": -9921.682, "LATITUDE": 3.0842911, "LONGITUDE": 101.508082, "GEOM_OK": true }, "geometry": { "type": "Polygon", "coordinates": [ [ [ 101.507157611626042, 3.084541072489522, 0.0 ], [ 101.509031202361626, 3.084619621451482, 0.0 ], [ 101.50903666189032, 3.08409093337044, 0.0 ], [ 101.508571374771222, 3.084046757085086, 0.0 ], [ 101.507690261178027, 3.083963052184798, 0.0 ], [ 101.507211596975679, 3.083911613437337, 0.0 ], [ 101.507157611626042, 3.084541072489522, 0.0 ] ] ] } },
{ "type": "Feature", "properties": { "UID": "PDRM-001", "AGENSI": "PDRM", "KATEGORI": "IPK", "HIERARKI": "KONTINJEN", "NAMA": "Ibu Pejabat Polis Kontinjen Selangor", "UNIT": "PENGURUSAN", "INDUK": "IPK SELANGOR", "ZON": null, "DAERAH": null, "PBT": null, "ALAMAT": "Persiaran Kayangan, Seksyen 9, 40000 Shah Alam, Selangor", "TELEFON": "03-55145222", "SRC_ID": "1", "X_CASS": -20320.85, "Y_CASS": -9532.663, "LATITUDE": 3.0878078, "LONGITUDE": 101.5196895, "GEOM_OK": true }, "geometry": { "type": "Polygon", "coordinates": [ [ [ 101.517082252519273, 3.086695400964311, 0.0 ], [ 101.519088236071028, 3.090044192730436, 0.0 ], [ 101.519478421930827, 3.090527831337899, 0.0 ], [ 101.520278764400771, 3.091187394619176, 0.0 ], [ 101.521060624404015, 3.091141000482259, 0.0 ], [ 101.521039020762387, 3.088348040995605, 0.0 ], [ 101.521133113840804, 3.086619843166386, 0.0 ], [ 101.521304076065377, 3.08552795698407, 0.0 ], [ 101.521545714160965, 3.085403986889454, 0.0 ], [ 101.521308913881185, 3.084709962072696, 0.0 ], [ 101.518957425699313, 3.085694835978434, 0.0 ], [ 101.517082252519273, 3.086695400964311, 0.0 ] ] ] } },
{ "type": "Feature", "properties": { "UID": "PDRM-014", "AGENSI": "PDRM", "KATEGORI": "IPD", "HIERARKI": "DAERAH", "NAMA": "IPD Shah Alam", "UNIT": "PENGURUSAN", "INDUK": "IPD Shah Alam", "ZON": null, "DAERAH": null, "PBT": null, "ALAMAT": "Persiaran Kayangan, Seksyen 9, 40100 Shah Alam, Selangor", "TELEFON": "03-55202222", "SRC_ID": "14", "X_CASS": -20320.85, "Y_CASS": -9532.663, "LATITUDE": 3.0878078, "LONGITUDE": 101.5196895, "GEOM_OK": true }, "geometry": { "type": "Polygon", "coordinates": [ [ [ 101.517082252519273, 3.086695400964311, 0.0 ], [ 101.519088236071028, 3.090044192730436, 0.0 ], [ 101.519478421930827, 3.090527831337899, 0.0 ], [ 101.520278764400771, 3.091187394619176, 0.0 ], [ 101.521060624404015, 3.091141000482259, 0.0 ], [ 101.521039020762387, 3.088348040995605, 0.0 ], [ 101.521133113840804, 3.086619843166386, 0.0 ], [ 101.521304076065377, 3.08552795698407, 0.0 ], [ 101.521545714160965, 3.085403986889454, 0.0 ], [ 101.521308913881185, 3.084709962072696, 0.0 ], [ 101.518957425699313, 3.085694835978434, 0.0 ], [ 101.517082252519273, 3.086695400964311, 0.0 ] ] ] } },
{ "type": "Feature", "properties": { "UID": "PDRM-137", "AGENSI": "PDRM", "KATEGORI": "BALAI POLIS", "HIERARKI": "BALAI/UNIT", "NAMA": "Balai Polis Seksyen 9", "UNIT": "PENGURUSAN", "INDUK": "IPD Shah Alam", "ZON": null, "DAERAH": null, "PBT": null, "ALAMAT": null, "TELEFON": null, "SRC_ID": "137", "X_CASS": -20320.85, "Y_CASS": -9532.663, "LATITUDE": 3.0878078, "LONGITUDE": 101.5196895, "GEOM_OK": true }, "geometry": { "type": "Polygon", "coordinates": [ [ [ 101.517082252519273, 3.086695400964311, 0.0 ], [ 101.519088236071028, 3.090044192730436, 0.0 ], [ 101.519478421930827, 3.090527831337899, 0.0 ], [ 101.520278764400771, 3.091187394619176, 0.0 ], [ 101.521060624404015, 3.091141000482259, 0.0 ], [ 101.521039020762387, 3.088348040995605, 0.0 ], [ 101.521133113840804, 3.086619843166386, 0.0 ], [ 101.521304076065377, 3.08552795698407, 0.0 ], [ 101.521545714160965, 3.085403986889454, 0.0 ], [ 101.521308913881185, 3.084709962072696, 0.0 ], [ 101.518957425699313, 3.085694835978434, 0.0 ], [ 101.517082252519273, 3.086695400964311, 0.0 ] ] ] } },
{ "type": "Feature", "properties": { "UID": "PDRM-152", "AGENSI": "PDRM", "KATEGORI": "BALAI POLIS", "HIERARKI": "BALAI/UNIT", "NAMA": "Balai Polis SS17", "UNIT": "PENGURUSAN", "INDUK": "IPD Subang Jaya", "ZON": null, "DAERAH": null, "PBT": null, "ALAMAT": null, "TELEFON": null, "SRC_ID": "152", "X_CASS": -13036.285, "Y_CASS": -11054.921, "LATITUDE": 3.0740314, "LONGITUDE": 101.5852198, "GEOM_OK": true }, "geometry": { "type": "Polygon", "coordinates": [ [ [ 101.584986954307311, 3.074415941157727, 0.0 ], [ 101.585453037825488, 3.074416036012772, 0.0 ], [ 101.585452087415376, 3.073645992341811, 0.0 ], [ 101.584987083933669, 3.073646892037758, 0.0 ], [ 101.584986954307311, 3.074415941157727, 0.0 ] ] ] } },
{ "type": "Feature", "properties": { "UID": "PDRM-153", "AGENSI": "PDRM", "KATEGORI": "BALAI POLIS", "HIERARKI": "BALAI/UNIT", "NAMA": "Balai Polis Bandar Sunway", "UNIT": "PENGURUSAN", "INDUK": "IPD Subang Jaya", "ZON": null, "DAERAH": null, "PBT": null, "ALAMAT": null, "TELEFON": null, "SRC_ID": "153", "X_CASS": -10368.849, "Y_CASS": -11096.221, "LATITUDE": 3.0736532, "LONGITUDE": 101.609216, "GEOM_OK": true }, "geometry": { "type": "Polygon", "coordinates": [ [ [ 101.609077957373458, 3.07371597530117, 0.0 ], [ 101.609169194273235, 3.073800779580183, 0.0 ], [ 101.609344515101895, 3.073793061647073, 0.0 ], [ 101.609342086852465, 3.07351739133441, 0.0 ], [ 101.609077917854705, 3.073522989858164, 0.0 ], [ 101.609077957373458, 3.07371597530117, 0.0 ] ] ] } },
{ "type": "Feature", "properties": { "UID": "PDRM-015", "AGENSI": "PDRM", "KATEGORI": "IPD", "HIERARKI": "DAERAH", "NAMA": "IPD Subang Jaya", "UNIT": "PENGURUSAN", "INDUK": "IPD Subang Jaya", "ZON": null, "DAERAH": null, "PBT": null, "ALAMAT": "Subang Jaya, Selangor", "TELEFON": null, "SRC_ID": "15", "X_CASS": -12584.997, "Y_CASS": -14241.757, "LATITUDE": 3.0452108, "LONGITUDE": 101.5892743, "GEOM_OK": true }, "geometry": { "type": "Polygon", "coordinates": [ [ [ 101.588323943701084, 3.044733042349316, 0.0 ], [ 101.588323954898698, 3.044793994754282, 0.0 ], [ 101.58844711002827, 3.045300039634703, 0.0 ], [ 101.588683064387453, 3.045763017001712, 0.0 ], [ 101.588981069007261, 3.046113030880724, 0.0 ], [ 101.590682093473802, 3.044730069794201, 0.0 ], [ 101.588323943701084, 3.044733042349316, 0.0 ] ] ] } },
{ "type": "Feature", "properties": { "UID": "PDRM-149", "AGENSI": "PDRM", "KATEGORI": "BALAI POLIS", "HIERARKI": "BALAI/UNIT", "NAMA": "Balai Polis Subang Jaya", "UNIT": "PENGURUSAN", "INDUK": "IPD Subang Jaya", "ZON": null, "DAERAH": null, "PBT": null, "ALAMAT": null, "TELEFON": null, "SRC_ID": "149", "X_CASS": -12584.997, "Y_CASS": -14241.757, "LATITUDE": 3.0452108, "LONGITUDE": 101.5892743, "GEOM_OK": true }, "geometry": { "type": "Polygon", "coordinates": [ [ [ 101.588323943701084, 3.044733042349316, 0.0 ], [ 101.588323954898698, 3.044793994754282, 0.0 ], [ 101.58844711002827, 3.045300039634703, 0.0 ], [ 101.588683064387453, 3.045763017001712, 0.0 ], [ 101.588981069007261, 3.046113030880724, 0.0 ], [ 101.590682093473802, 3.044730069794201, 0.0 ], [ 101.588323943701084, 3.044733042349316, 0.0 ] ] ] } },
{ "type": "Feature", "properties": { "UID": "PDRM-150", "AGENSI": "PDRM", "KATEGORI": "BALAI POLIS", "HIERARKI": "BALAI/UNIT", "NAMA": "Balai Polis USJ 8", "UNIT": "PENGURUSAN", "INDUK": "IPD Subang Jaya", "ZON": null, "DAERAH": null, "PBT": null, "ALAMAT": null, "TELEFON": null, "SRC_ID": "150", "X_CASS": -12584.997, "Y_CASS": -14241.757, "LATITUDE": 3.0452108, "LONGITUDE": 101.5892743, "GEOM_OK": true }, "geometry": { "type": "Polygon", "coordinates": [ [ [ 101.588323943701084, 3.044733042349316, 0.0 ], [ 101.588323954898698, 3.044793994754282, 0.0 ], [ 101.58844711002827, 3.045300039634703, 0.0 ], [ 101.588683064387453, 3.045763017001712, 0.0 ], [ 101.588981069007261, 3.046113030880724, 0.0 ], [ 101.590682093473802, 3.044730069794201, 0.0 ], [ 101.588323943701084, 3.044733042349316, 0.0 ] ] ] } },
{ "type": "Feature", "properties": { "UID": "PDRM-132", "AGENSI": "PDRM", "KATEGORI": "BALAI KOMUNITI", "HIERARKI": "BALAI/UNIT", "NAMA": "Balai Polis Komuniti Sungai Besi Indah", "UNIT": "JPJKK", "INDUK": "IPD Serdang", "ZON": null, "DAERAH": null, "PBT": null, "ALAMAT": null, "TELEFON": null, "SRC_ID": "132", "X_CASS": 2604.695, "Y_CASS": -16206.148, "LATITUDE": 3.0274121, "LONGITUDE": 101.7259118, "GEOM_OK": true }, "geometry": { "type": "Polygon", "coordinates": [ [ [ 101.725835098131626, 3.027495932456925, 0.0 ], [ 101.725953037573532, 3.027517961263068, 0.0 ], [ 101.725988871758915, 3.027329035853395, 0.0 ], [ 101.725870122423999, 3.027306012540265, 0.0 ], [ 101.725835098131626, 3.027495932456925, 0.0 ] ] ] } },
{ "type": "Feature", "properties": { "UID": "PDRM-130", "AGENSI": "PDRM", "KATEGORI": "BALAI POLIS", "HIERARKI": "BALAI/UNIT", "NAMA": "Balai Polis Sri Kembangan", "UNIT": "PENGURUSAN", "INDUK": "IPD Serdang", "ZON": null, "DAERAH": null, "PBT": null, "ALAMAT": null, "TELEFON": null, "SRC_ID": "130", "X_CASS": 767.625, "Y_CASS": -16663.312, "LATITUDE": 3.0232829, "LONGITUDE": 101.709385, "GEOM_OK": true }, "geometry": { "type": "Polygon", "coordinates": [ [ [ 101.708813110056994, 3.02467299753836, 0.0 ], [ 101.709400061577554, 3.024633938354544, 0.0 ], [ 101.709779036999493, 3.023989944742693, 0.0 ], [ 101.710001946425137, 3.022148029603012, 0.0 ], [ 101.709991110879812, 3.02200894685977, 0.0 ], [ 101.709032028010611, 3.022097039763503, 0.0 ], [ 101.708813110056994, 3.02467299753836, 0.0 ] ] ] } },
{ "type": "Feature", "properties": { "UID": "PDRM-133", "AGENSI": "PDRM", "KATEGORI": "BALAI POLIS", "HIERARKI": "BALAI/UNIT", "NAMA": "Balai Polis Bukit Serdang", "UNIT": "PENGURUSAN", "INDUK": "IPD Serdang", "ZON": null, "DAERAH": null, "PBT": null, "ALAMAT": null, "TELEFON": null, "SRC_ID": "133", "X_CASS": -723.254, "Y_CASS": -16762.301, "LATITUDE": 3.0223916, "LONGITUDE": 101.6959734, "GEOM_OK": true }, "geometry": { "type": "Polygon", "coordinates": [ [ [ 101.695879440613425, 3.02242774731419, 0.0 ], [ 101.696071008484509, 3.022415894072416, 0.0 ], [ 101.696067300813908, 3.022355367292861, 0.0 ], [ 101.695875732954903, 3.02236722957676, 0.0 ], [ 101.695879440613425, 3.02242774731419, 0.0 ] ] ] } },
{ "type": "Feature", "properties": { "UID": "PDRM-061", "AGENSI": "PDRM", "KATEGORI": "BALAI POLIS", "HIERARKI": "BALAI/UNIT", "NAMA": "Balai Polis Sungai Long", "UNIT": "PENGURUSAN", "INDUK": "IPD Kajang", "ZON": null, "DAERAH": null, "PBT": null, "ALAMAT": null, "TELEFON": null, "SRC_ID": "61", "X_CASS": 9851.832, "Y_CASS": -14610.36, "LATITUDE": 3.0418208, "LONGITUDE": 101.7911096, "GEOM_OK": true }, "geometry": { "type": "Polygon", "coordinates": [ [ [ 101.791038281004006, 3.041908311143933, 0.0 ], [ 101.791213939415002, 3.041831467581987, 0.0 ], [ 101.791168290577517, 3.041724775625294, 0.0 ], [ 101.791002898432041, 3.041826753669305, 0.0 ], [ 101.791038281004006, 3.041908311143933, 0.0 ] ] ] } },
{ "type": "Feature", "properties": { "UID": "PDRM-129", "AGENSI": "PDRM", "KATEGORI": "BALAI POLIS", "HIERARKI": "BALAI/UNIT", "NAMA": "Balai Polis Serdang", "UNIT": "PENGURUSAN", "INDUK": "IPD Serdang", "ZON": null, "DAERAH": null, "PBT": null, "ALAMAT": null, "TELEFON": null, "SRC_ID": "129", "X_CASS": 1377.798, "Y_CASS": -18351.543, "LATITUDE": 3.008014, "LONGITUDE": 101.7148693, "GEOM_OK": true }, "geometry": { "type": "Polygon", "coordinates": [ [ [ 101.71473211786352, 3.00831796481114, 0.0 ], [ 101.7150330126575, 3.008305936486906, 0.0 ], [ 101.715012885674895, 3.007777000014345, 0.0 ], [ 101.714927046102929, 3.007699976865949, 0.0 ], [ 101.714709001171755, 3.007717044557171, 0.0 ], [ 101.71473211786352, 3.00831796481114, 0.0 ] ] ] } },
{ "type": "Feature", "properties": { "UID": "PDRM-013", "AGENSI": "PDRM", "KATEGORI": "IPD", "HIERARKI": "DAERAH", "NAMA": "IPD Serdang", "UNIT": "PENGURUSAN", "INDUK": "IPD Serdang", "ZON": null, "DAERAH": null, "PBT": null, "ALAMAT": "Jalan Kinrara 6, Bandar Kinrara 6, 47180 Puchong, Selangor", "TELEFON": "03-80742222", "SRC_ID": "13", "X_CASS": -5719.512, "Y_CASS": -14994.622, "LATITUDE": 3.0383891, "LONGITUDE": 101.651033, "GEOM_OK": true }, "geometry": { "type": "Polygon", "coordinates": [ [ [ 101.650432115058976, 3.038573043600707, 0.0 ], [ 101.651489928046203, 3.039345991939304, 0.0 ], [ 101.651986069110279, 3.03871392182215, 0.0 ], [ 101.651979024884923, 3.038599977406299, 0.0 ], [ 101.651086918364527, 3.037848060145664, 0.0 ], [ 101.65065506386091, 3.037596941124913, 0.0 ], [ 101.650163067712271, 3.037509973237324, 0.0 ], [ 101.649614959287575, 3.037510015700191, 0.0 ], [ 101.650038955768892, 3.037630008554314, 0.0 ], [ 101.650261917466565, 3.037829993244747, 0.0 ], [ 101.6503420997756, 3.037957032776501, 0.0 ], [ 101.650399076495972, 3.03809791425785, 0.0 ], [ 101.650432041704079, 3.038268011576168, 0.0 ], [ 101.650432115058976, 3.038573043600707, 0.0 ] ] ] } },
{ "type": "Feature", "properties": { "UID": "PDRM-127", "AGENSI": "PDRM", "KATEGORI": "BALAI POLIS", "HIERARKI": "BALAI/UNIT", "NAMA": "Balai Polis Bandar Kinrara", "UNIT": "PENGURUSAN", "INDUK": "IPD Serdang", "ZON": null, "DAERAH": null, "PBT": null, "ALAMAT": null, "TELEFON": null, "SRC_ID": "127", "X_CASS": -5719.512, "Y_CASS": -14994.622, "LATITUDE": 3.0383891, "LONGITUDE": 101.651033, "GEOM_OK": true }, "geometry": { "type": "Polygon", "coordinates": [ [ [ 101.650432115058976, 3.038573043600707, 0.0 ], [ 101.651489928046203, 3.039345991939304, 0.0 ], [ 101.651986069110279, 3.03871392182215, 0.0 ], [ 101.651979024884923, 3.038599977406299, 0.0 ], [ 101.651086918364527, 3.037848060145664, 0.0 ], [ 101.65065506386091, 3.037596941124913, 0.0 ], [ 101.650163067712271, 3.037509973237324, 0.0 ], [ 101.649614959287575, 3.037510015700191, 0.0 ], [ 101.650038955768892, 3.037630008554314, 0.0 ], [ 101.650261917466565, 3.037829993244747, 0.0 ], [ 101.6503420997756, 3.037957032776501, 0.0 ], [ 101.650399076495972, 3.03809791425785, 0.0 ], [ 101.650432041704079, 3.038268011576168, 0.0 ], [ 101.650432115058976, 3.038573043600707, 0.0 ] ] ] } },
{ "type": "Feature", "properties": { "UID": "PDRM-131", "AGENSI": "PDRM", "KATEGORI": "BALAI KOMUNITI", "HIERARKI": "BALAI/UNIT", "NAMA": "Balai Polis Komuniti Bandar Puteri", "UNIT": "JPJKK", "INDUK": "IPD Serdang", "ZON": null, "DAERAH": null, "PBT": null, "ALAMAT": null, "TELEFON": null, "SRC_ID": "131", "X_CASS": -8764.89, "Y_CASS": -16351.911, "LATITUDE": 3.026121, "LONGITUDE": 101.623635, "GEOM_OK": true }, "geometry": { "type": "Polygon", "coordinates": [ [ [ 101.623623928920509, 3.02621395850292, 0.0 ], [ 101.623677900481511, 3.026204090412664, 0.0 ], [ 101.62364601814275, 3.026027932573324, 0.0 ], [ 101.623592046628929, 3.026037981528681, 0.0 ], [ 101.623623928920509, 3.02621395850292, 0.0 ] ] ] } },
{ "type": "Feature", "properties": { "UID": "PDRM-151", "AGENSI": "PDRM", "KATEGORI": "BALAI POLIS", "HIERARKI": "BALAI/UNIT", "NAMA": "Balai Polis Putra Heights", "UNIT": "PENGURUSAN", "INDUK": "IPD Subang Jaya", "ZON": null, "DAERAH": null, "PBT": null, "ALAMAT": null, "TELEFON": null, "SRC_ID": "151", "X_CASS": -14576.924, "Y_CASS": -19220.655, "LATITUDE": 3.0001879, "LONGITUDE": 101.5713478, "GEOM_OK": true }, "geometry": { "type": "Polygon", "coordinates": [ [ [ 101.57124490842736, 3.000298997177125, 0.0 ], [ 101.571370124584575, 3.000300061432287, 0.0 ], [ 101.571425979550682, 3.000260984592604, 0.0 ], [ 101.571482086166952, 3.000112030396486, 0.0 ], [ 101.571482083019959, 3.000093039256712, 0.0 ], [ 101.571245953616639, 3.000091993570616, 0.0 ], [ 101.57124490842736, 3.000298997177125, 0.0 ] ] ] } },
{ "type": "Feature", "properties": { "UID": "PDRM-145", "AGENSI": "PDRM", "KATEGORI": "PONDOK POLIS", "HIERARKI": "BALAI/UNIT", "NAMA": "Pondok Polis Kota Kemuning", "UNIT": "PENGURUSAN", "INDUK": "IPD Shah Alam", "ZON": null, "DAERAH": null, "PBT": null, "ALAMAT": null, "TELEFON": null, "SRC_ID": "145", "X_CASS": -17204.278, "Y_CASS": -20192.986, "LATITUDE": 2.9913984, "LONGITUDE": 101.5477125, "GEOM_OK": true }, "geometry": { "type": "Polygon", "coordinates": [ [ [ 101.547574678179785, 2.991376287973382, 0.0 ], [ 101.547578519763476, 2.991391951076954, 0.0 ], [ 101.54764638262796, 2.991448949375722, 0.0 ], [ 101.547821144283773, 2.991460039132508, 0.0 ], [ 101.547787640609585, 2.991323493412311, 0.0 ], [ 101.547574678179785, 2.991376287973382, 0.0 ] ] ] } },
{ "type": "Feature", "properties": { "UID": "PDRM-146", "AGENSI": "PDRM", "KATEGORI": "PONDOK POLIS", "HIERARKI": "BALAI/UNIT", "NAMA": "Pondok Polis Taman Berjaya", "UNIT": "PENGURUSAN", "INDUK": "IPD Shah Alam", "ZON": null, "DAERAH": null, "PBT": null, "ALAMAT": null, "TELEFON": null, "SRC_ID": "146", "X_CASS": -21033.715, "Y_CASS": -21148.497, "LATITUDE": 2.9827618, "LONGITUDE": 101.5132645, "GEOM_OK": true }, "geometry": { "type": "Polygon", "coordinates": [ [ [ 101.5127268768113, 2.983041506055902, 0.0 ], [ 101.513768743816186, 2.983040360448646, 0.0 ], [ 101.513768182814317, 2.982516672418583, 0.0 ], [ 101.513713311409688, 2.982461616249559, 0.0 ], [ 101.512912706694195, 2.982462453006216, 0.0 ], [ 101.512912842353387, 2.982594758662338, 0.0 ], [ 101.512726397672466, 2.982594958642621, 0.0 ], [ 101.5127268768113, 2.983041506055902, 0.0 ] ] ] } },
{ "type": "Feature", "properties": { "UID": "PDRM-067", "AGENSI": "PDRM", "KATEGORI": "BALAI POLIS", "HIERARKI": "BALAI/UNIT", "NAMA": "Balai Polis Pulau Ketam", "UNIT": "PENGURUSAN", "INDUK": "IPD Klang Selatan", "ZON": null, "DAERAH": null, "PBT": null, "ALAMAT": null, "TELEFON": null, "SRC_ID": "67", "X_CASS": -49910.416, "Y_CASS": -17021.028, "LATITUDE": 3.0200868, "LONGITUDE": 101.2535065, "GEOM_OK": true }, "geometry": { "type": "Polygon", "coordinates": [ [ [ 101.253430018212853, 3.020163532965765, 0.0 ], [ 101.253590079965832, 3.020148306733047, 0.0 ], [ 101.253578241141213, 3.020008523860649, 0.0 ], [ 101.253426956292515, 3.020024447536593, 0.0 ], [ 101.253430018212853, 3.020163532965765, 0.0 ] ] ] } },
{ "type": "Feature", "properties": { "UID": "PDRM-072", "AGENSI": "PDRM", "KATEGORI": "BALAI POLIS MARIN", "HIERARKI": "BALAI/UNIT", "NAMA": "Balai Polis Pulau Indah", "UNIT": "KDNKA", "INDUK": "IPD Klang Selatan", "ZON": null, "DAERAH": null, "PBT": null, "ALAMAT": null, "TELEFON": null, "SRC_ID": "72", "X_CASS": -43422.485, "Y_CASS": -24469.195, "LATITUDE": 2.9527355, "LONGITUDE": 101.3118738, "GEOM_OK": true }, "geometry": { "type": "Polygon", "coordinates": [ [ [ 101.311742971336386, 2.952752114013315, 0.0 ], [ 101.31182037074629, 2.952817158979252, 0.0 ], [ 101.311910198096498, 2.952863136702298, 0.0 ], [ 101.311982278625266, 2.952669447403521, 0.0 ], [ 101.311933423030865, 2.952644422591338, 0.0 ], [ 101.311891314407731, 2.95260913755458, 0.0 ], [ 101.311742971336386, 2.952752114013315, 0.0 ] ] ] } },
{ "type": "Feature", "properties": { "UID": "PDRM-069", "AGENSI": "PDRM", "KATEGORI": "BALAI POLIS", "HIERARKI": "BALAI/UNIT", "NAMA": "Balai Polis Telok Gong", "UNIT": "PENGURUSAN", "INDUK": "IPD Klang Selatan", "ZON": null, "DAERAH": null, "PBT": null, "ALAMAT": null, "TELEFON": null, "SRC_ID": "69", "X_CASS": -34630.777, "Y_CASS": -23291.752, "LATITUDE": 2.9633864, "LONGITUDE": 101.3909554, "GEOM_OK": true }, "geometry": { "type": "Polygon", "coordinates": [ [ [ 101.390841173684876, 2.963444198081299, 0.0 ], [ 101.390921431661823, 2.963495844202442, 0.0 ], [ 101.391062458476256, 2.963386858607766, 0.0 ], [ 101.391059765260067, 2.963339498054111, 0.0 ], [ 101.390950979297983, 2.963269823869249, 0.0 ], [ 101.390841173684876, 2.963444198081299, 0.0 ] ] ] } },
{ "type": "Feature", "properties": { "UID": "PDRM-068", "AGENSI": "PDRM", "KATEGORI": "BALAI POLIS", "HIERARKI": "BALAI/UNIT", "NAMA": "Balai Polis Pelabuhan Klang", "UNIT": "PENGURUSAN", "INDUK": "IPD Klang Selatan", "ZON": null, "DAERAH": null, "PBT": null, "ALAMAT": null, "TELEFON": null, "SRC_ID": "68", "X_CASS": -34466.379, "Y_CASS": -19239.556, "LATITUDE": 3.0000322, "LONGITUDE": 101.3924343, "GEOM_OK": true }, "geometry": { "type": "Polygon", "coordinates": [ [ [ 101.391759359238904, 3.000169623745978, 0.0 ], [ 101.392592347528478, 3.000699952582033, 0.0 ], [ 101.393106085625661, 2.999895340055723, 0.0 ], [ 101.392316257649028, 2.999383756733264, 0.0 ], [ 101.392259581308778, 2.999395963742308, 0.0 ], [ 101.391759359238904, 3.000169623745978, 0.0 ] ] ] } },
{ "type": "Feature", "properties": { "UID": "PDRM-066", "AGENSI": "PDRM", "KATEGORI": "BALAI POLIS", "HIERARKI": "BALAI/UNIT", "NAMA": "Balai Polis Pandamaran", "UNIT": "PENGURUSAN", "INDUK": "IPD Klang Selatan", "ZON": null, "DAERAH": null, "PBT": null, "ALAMAT": null, "TELEFON": null, "SRC_ID": "66", "X_CASS": -31957.867, "Y_CASS": -18279.759, "LATITUDE": 3.0087118, "LONGITUDE": 101.4149995, "GEOM_OK": true }, "geometry": { "type": "Polygon", "coordinates": [ [ [ 101.4144994590539, 3.008929728163529, 0.0 ], [ 101.414744383948815, 3.009190525374195, 0.0 ], [ 101.415499324023102, 3.008494407204309, 0.0 ], [ 101.415254650958374, 3.008232760975372, 0.0 ], [ 101.4144994590539, 3.008929728163529, 0.0 ] ] ] } },
{ "type": "Feature", "properties": { "UID": "PDRM-071", "AGENSI": "PDRM", "KATEGORI": "BALAI POLIS", "HIERARKI": "BALAI/UNIT", "NAMA": "Balai Polis Bukit Tinggi", "UNIT": "PENGURUSAN", "INDUK": "IPD Klang Selatan", "ZON": null, "DAERAH": null, "PBT": null, "ALAMAT": null, "TELEFON": null, "SRC_ID": "71", "X_CASS": -30375.843, "Y_CASS": -19958.02, "LATITUDE": 2.9935341, "LONGITUDE": 101.42923, "GEOM_OK": true }, "geometry": { "type": "Polygon", "coordinates": [ [ [ 101.429178618749845, 2.993651790309686, 0.0 ], [ 101.429245813991955, 2.993651885509455, 0.0 ], [ 101.429286917631615, 2.993610821331088, 0.0 ], [ 101.429287165290347, 2.993457752779517, 0.0 ], [ 101.429246122444283, 2.993416321870359, 0.0 ], [ 101.42917887325703, 2.993416190481092, 0.0 ], [ 101.429178618749845, 2.993651790309686, 0.0 ] ] ] } },
{ "type": "Feature", "properties": { "UID": "PDRM-074", "AGENSI": "PDRM", "KATEGORI": "PONDOK POLIS", "HIERARKI": "BALAI/UNIT", "NAMA": "Pondok Polis Hospital Tengku Ampuan Rahimah", "UNIT": "PENGURUSAN", "INDUK": "IPD Klang Selatan", "ZON": null, "DAERAH": null, "PBT": null, "ALAMAT": null, "TELEFON": null, "SRC_ID": "74", "X_CASS": -29182.058, "Y_CASS": -16996.324, "LATITUDE": 3.0203175, "LONGITUDE": 101.4399698, "GEOM_OK": true }, "geometry": { "type": "Polygon", "coordinates": [ [ [ 101.439921674546568, 3.020355504640792, 0.0 ], [ 101.440016049548504, 3.02035180324519, 0.0 ], [ 101.440020948803223, 3.020280337237273, 0.0 ], [ 101.439920445129204, 3.020284038016778, 0.0 ], [ 101.439921674546568, 3.020355504640792, 0.0 ] ] ] } },
{ "type": "Feature", "properties": { "UID": "PDRM-073", "AGENSI": "PDRM", "KATEGORI": "POS PENGAWAL", "HIERARKI": "BALAI/UNIT", "NAMA": "Pos Pengawal Istana Alam Shah", "UNIT": "PENGURUSAN", "INDUK": "IPD Klang Selatan", "ZON": null, "DAERAH": null, "PBT": null, "ALAMAT": null, "TELEFON": null, "SRC_ID": "73", "X_CASS": -28295.446, "Y_CASS": -15231.952, "LATITUDE": 3.0362731, "LONGITUDE": 101.4479462, "GEOM_OK": true }, "geometry": { "type": "Polygon", "coordinates": [ [ [ 101.447911448096264, 3.036345159865051, 0.0 ], [ 101.447995345705024, 3.036331098160967, 0.0 ], [ 101.447978888514115, 3.036206237255978, 0.0 ], [ 101.447901570461795, 3.036205414913439, 0.0 ], [ 101.447911448096264, 3.036345159865051, 0.0 ] ] ] } },
{ "type": "Feature", "properties": { "UID": "PDRM-007", "AGENSI": "PDRM", "KATEGORI": "IPD", "HIERARKI": "DAERAH", "NAMA": "IPD Klang Selatan", "UNIT": "PENGURUSAN", "INDUK": "IPD Klang Selatan", "ZON": null, "DAERAH": null, "PBT": null, "ALAMAT": "Jalan Gedung Raja Abdullah, 41560 Klang, Selangor", "TELEFON": "03-33762222", "SRC_ID": "7", "X_CASS": -28380.208, "Y_CASS": -14397.824, "LATITUDE": 3.0438166, "LONGITUDE": 101.4471841, "GEOM_OK": true }, "geometry": { "type": "Polygon", "coordinates": [ [ [ 101.446425168573057, 3.044226678486886, 0.0 ], [ 101.446725088025701, 3.044494419517792, 0.0 ], [ 101.447261309733392, 3.044165664481014, 0.0 ], [ 101.447854052809632, 3.043944630569326, 0.0 ], [ 101.44771298597361, 3.043531636407165, 0.0 ], [ 101.447584323490815, 3.043218759596016, 0.0 ], [ 101.447429642824915, 3.043092828242213, 0.0 ], [ 101.447075234226574, 3.043324542029211, 0.0 ], [ 101.446943041901179, 3.043481944704975, 0.0 ], [ 101.446976232024497, 3.043554655744207, 0.0 ], [ 101.446425168573057, 3.044226678486886, 0.0 ] ] ] } },
{ "type": "Feature", "properties": { "UID": "PDRM-065", "AGENSI": "PDRM", "KATEGORI": "BALAI POLIS", "HIERARKI": "BALAI/UNIT", "NAMA": "Balai Polis Klang", "UNIT": "PENGURUSAN", "INDUK": "IPD Klang Selatan", "ZON": null, "DAERAH": null, "PBT": null, "ALAMAT": null, "TELEFON": null, "SRC_ID": "65", "X_CASS": -28404.863, "Y_CASS": -14490.466, "LATITUDE": 3.0429788, "LONGITUDE": 101.4469623, "GEOM_OK": true }, "geometry": { "type": "Polygon", "coordinates": [ [ [ 101.446431938165432, 3.042853035630142, 0.0 ], [ 101.446726973374453, 3.043216128373638, 0.0 ], [ 101.446943004117131, 3.043481909437626, 0.0 ], [ 101.447075234226602, 3.043324542029228, 0.0 ], [ 101.447429526774584, 3.043092733292468, 0.0 ], [ 101.447271302181178, 3.042802186462467, 0.0 ], [ 101.447153742784153, 3.042528118670486, 0.0 ], [ 101.446770136415068, 3.042702816436928, 0.0 ], [ 101.446431938165432, 3.042853035630142, 0.0 ] ] ] } },
{ "type": "Feature", "properties": { "UID": "PDRM-138", "AGENSI": "PDRM", "KATEGORI": "BALAI KOMUNITI", "HIERARKI": "BALAI/UNIT", "NAMA": "Balai Polis Komuniti Seksyen 15", "UNIT": "JPJKK", "INDUK": "IPD Shah Alam", "ZON": null, "DAERAH": null, "PBT": null, "ALAMAT": null, "TELEFON": null, "SRC_ID": "138", "X_CASS": -20233.647, "Y_CASS": -12713.847, "LATITUDE": 3.059039, "LONGITUDE": 101.5204705, "GEOM_OK": true }, "geometry": { "type": "Polygon", "coordinates": [ [ [ 101.51962137323315, 3.059389978571907, 0.0 ], [ 101.52153102177563, 3.059987015611209, 0.0 ], [ 101.521747349233124, 3.059061594514373, 0.0 ], [ 101.521628109970962, 3.058851603204098, 0.0 ], [ 101.519184933724262, 3.058087943150096, 0.0 ], [ 101.519004347679683, 3.058064723550691, 0.0 ], [ 101.51962137323315, 3.059389978571907, 0.0 ] ] ] } },
{ "type": "Feature", "properties": { "UID": "PDRM-070", "AGENSI": "PDRM", "KATEGORI": "BALAI POLIS", "HIERARKI": "BALAI/UNIT", "NAMA": "Balai Polis Taman Sentosa", "UNIT": "PENGURUSAN", "INDUK": "IPD Klang Selatan", "ZON": null, "DAERAH": null, "PBT": null, "ALAMAT": null, "TELEFON": null, "SRC_ID": "70", "X_CASS": -24906.926, "Y_CASS": -18424.885, "LATITUDE": 3.007396, "LONGITUDE": 101.4784259, "GEOM_OK": true }, "geometry": { "type": "Polygon", "coordinates": [ [ [ 101.478428944748785, 3.00749757976352, 0.0 ], [ 101.47848939418212, 3.007474791668432, 0.0 ], [ 101.478422742932409, 3.007294282977234, 0.0 ], [ 101.478362562456994, 3.007316890177645, 0.0 ], [ 101.478428944748785, 3.00749757976352, 0.0 ] ] ] } },
{ "type": "Feature", "properties": { "UID": "PDRM-144", "AGENSI": "PDRM", "KATEGORI": "BALAI KOMUNITI", "HIERARKI": "BALAI/UNIT", "NAMA": "Balai Polis Komuniti Alam Impian", "UNIT": "JPJKK", "INDUK": "IPD Shah Alam", "ZON": null, "DAERAH": null, "PBT": null, "ALAMAT": null, "TELEFON": null, "SRC_ID": "144", "X_CASS": -20970.105, "Y_CASS": -17463.765, "LATITUDE": 3.0160843, "LONGITUDE": 101.5138404, "GEOM_OK": true }, "geometry": { "type": "Polygon", "coordinates": [ [ [ 101.513809901234296, 3.016180646924959, 0.0 ], [ 101.513870225266473, 3.016180881662494, 0.0 ], [ 101.51387097964512, 3.015987939794969, 0.0 ], [ 101.51381065562353, 3.015987696014045, 0.0 ], [ 101.513809901234296, 3.016180646924959, 0.0 ] ] ] } },
{ "type": "Feature", "properties": { "UID": "PDRM-142", "AGENSI": "PDRM", "KATEGORI": "BALAI POLIS", "HIERARKI": "BALAI/UNIT", "NAMA": "Balai Polis Taman Sri Muda", "UNIT": "PENGURUSAN", "INDUK": "IPD Shah Alam", "ZON": null, "DAERAH": null, "PBT": null, "ALAMAT": null, "TELEFON": null, "SRC_ID": "142", "X_CASS": -18275.379, "Y_CASS": -15650.74, "LATITUDE": 3.0324772, "LONGITUDE": 101.5380832, "GEOM_OK": true }, "geometry": { "type": "Polygon", "coordinates": [ [ [ 101.537721348731509, 3.032831834121891, 0.0 ], [ 101.537756019121758, 3.032869996439765, 0.0 ], [ 101.538455085507223, 3.032697870433261, 0.0 ], [ 101.538391658843594, 3.0321392771392, 0.0 ], [ 101.537826847934227, 3.032130476197573, 0.0 ], [ 101.537721348731509, 3.032831834121891, 0.0 ] ] ] } },
{ "type": "Feature", "properties": { "UID": "PDRM-111", "AGENSI": "PDRM", "KATEGORI": "BALAI POLIS", "HIERARKI": "BALAI/UNIT", "NAMA": "Balai Polis Sungai Pelek", "UNIT": "PENGURUSAN", "INDUK": "IPD Sepang", "ZON": null, "DAERAH": null, "PBT": null, "ALAMAT": null, "TELEFON": null, "SRC_ID": "111", "X_CASS": 1345.344, "Y_CASS": -59048.745, "LATITUDE": 2.639976, "LONGITUDE": 101.7144749, "GEOM_OK": true }, "geometry": { "type": "Polygon", "coordinates": [ [ [ 101.714087470700704, 2.639842967939718, 0.0 ], [ 101.714271794216771, 2.640232854546854, 0.0 ], [ 101.714337160566615, 2.640335776072759, 0.0 ], [ 101.714850784546613, 2.640120455157869, 0.0 ], [ 101.714639480523971, 2.639610549625386, 0.0 ], [ 101.714087470700704, 2.639842967939718, 0.0 ] ] ] } },
{ "type": "Feature", "properties": { "UID": "PDRM-109", "AGENSI": "PDRM", "KATEGORI": "BALAI POLIS", "HIERARKI": "BALAI/UNIT", "NAMA": "Balai Polis Sepang", "UNIT": "PENGURUSAN", "INDUK": "IPD Sepang", "ZON": null, "DAERAH": null, "PBT": null, "ALAMAT": null, "TELEFON": null, "SRC_ID": "109", "X_CASS": 5396.569, "Y_CASS": -53326.022, "LATITUDE": 2.6917183, "LONGITUDE": 101.7509212, "GEOM_OK": true }, "geometry": { "type": "Polygon", "coordinates": [ [ [ 101.750177429690225, 2.692199611234668, 0.0 ], [ 101.751507474058485, 2.691957016583872, 0.0 ], [ 101.751288279068049, 2.691008696201227, 0.0 ], [ 101.750914250755287, 2.691096185175468, 0.0 ], [ 101.751032070022703, 2.691605748907954, 0.0 ], [ 101.750174104658456, 2.691807445275331, 0.0 ], [ 101.750177429690225, 2.692199611234668, 0.0 ] ] ] } },
{ "type": "Feature", "properties": { "UID": "PDRM-042", "AGENSI": "PDRM", "KATEGORI": "BALAI POLIS", "HIERARKI": "BALAI/UNIT", "NAMA": "Balai Polis Tanjung Sepat", "UNIT": "PENGURUSAN", "INDUK": "IPD Kuala Langat", "ZON": null, "DAERAH": null, "PBT": null, "ALAMAT": null, "TELEFON": null, "SRC_ID": "42", "X_CASS": -16187.269, "Y_CASS": -56453.881, "LATITUDE": 2.663474, "LONGITUDE": 101.5568137, "GEOM_OK": true }, "geometry": { "type": "Polygon", "coordinates": [ [ [ 101.556504714873995, 2.663738655192476, 0.0 ], [ 101.557224832530409, 2.663537968715295, 0.0 ], [ 101.557122435734385, 2.663199628636907, 0.0 ], [ 101.556388326542262, 2.663427464190406, 0.0 ], [ 101.556504714873995, 2.663738655192476, 0.0 ] ] ] } },
{ "type": "Feature", "properties": { "UID": "PDRM-045", "AGENSI": "PDRM", "KATEGORI": "PONDOK POLIS", "HIERARKI": "BALAI/UNIT", "NAMA": "Pondok Polis Batu Laut", "UNIT": "PENGURUSAN", "INDUK": "IPD Kuala Langat", "ZON": null, "DAERAH": null, "PBT": null, "ALAMAT": null, "TELEFON": null, "SRC_ID": "45", "X_CASS": -21851.183, "Y_CASS": -54741.076, "LATITUDE": 2.6789696, "LONGITUDE": 101.5058807, "GEOM_OK": true }, "geometry": { "type": "Polygon", "coordinates": [ [ [ 101.505389387996004, 2.679424568291968, 0.0 ], [ 101.506399886507864, 2.678833440904585, 0.0 ], [ 101.50631947994394, 2.678553546176851, 0.0 ], [ 101.505925564306807, 2.678716363551481, 0.0 ], [ 101.505304234248939, 2.67925871951126, 0.0 ], [ 101.505389387996004, 2.679424568291968, 0.0 ] ] ] } },
{ "type": "Feature", "properties": { "UID": "PDRM-117", "AGENSI": "PDRM", "KATEGORI": "BALAI LAPANGAN TERBANG", "HIERARKI": "BALAI/UNIT", "NAMA": "Balai Polis KLIA 2", "UNIT": "PENGURUSAN", "INDUK": "IPD Sepang", "ZON": null, "DAERAH": null, "PBT": null, "ALAMAT": null, "TELEFON": null, "SRC_ID": "117", "X_CASS": -1944.875, "Y_CASS": -47497.841, "LATITUDE": 2.7444426, "LONGITUDE": 101.6849124, "GEOM_OK": true }, "geometry": { "type": "Polygon", "coordinates": [ [ [ 101.684536359758539, 2.744605525468071, 0.0 ], [ 101.684910069130183, 2.744859166860492, 0.0 ], [ 101.685293279544894, 2.744288168387254, 0.0 ], [ 101.68490501117391, 2.744024772024704, 0.0 ], [ 101.684536359758539, 2.744605525468071, 0.0 ] ] ] } },
{ "type": "Feature", "properties": { "UID": "PDRM-119", "AGENSI": "PDRM", "KATEGORI": "PONDOK POLIS", "HIERARKI": "BALAI/UNIT", "NAMA": "Pondok Polis KLIA 2", "UNIT": "PENGURUSAN", "INDUK": "IPD Sepang", "ZON": null, "DAERAH": null, "PBT": null, "ALAMAT": null, "TELEFON": null, "SRC_ID": "119", "X_CASS": -1944.875, "Y_CASS": -47497.841, "LATITUDE": 2.7444426, "LONGITUDE": 101.6849124, "GEOM_OK": true }, "geometry": { "type": "Polygon", "coordinates": [ [ [ 101.684536359758539, 2.744605525468071, 0.0 ], [ 101.684910069130183, 2.744859166860492, 0.0 ], [ 101.685293279544894, 2.744288168387254, 0.0 ], [ 101.68490501117391, 2.744024772024704, 0.0 ], [ 101.684536359758539, 2.744605525468071, 0.0 ] ] ] } },
{ "type": "Feature", "properties": { "UID": "PDRM-118", "AGENSI": "PDRM", "KATEGORI": "PONDOK POLIS", "HIERARKI": "BALAI/UNIT", "NAMA": "Pondok Polis KLIA", "UNIT": "PENGURUSAN", "INDUK": "IPD Sepang", "ZON": null, "DAERAH": null, "PBT": null, "ALAMAT": null, "TELEFON": null, "SRC_ID": "118", "X_CASS": 299.321, "Y_CASS": -46262.625, "LATITUDE": 2.7556079, "LONGITUDE": 101.7050983, "GEOM_OK": true }, "geometry": { "type": "Polygon", "coordinates": [ [ [ 101.705015083103746, 2.755610763460233, 0.0 ], [ 101.705143591079192, 2.755703208274783, 0.0 ], [ 101.705148528364077, 2.755648123931572, 0.0 ], [ 101.705149126869586, 2.755574763236682, 0.0 ], [ 101.705102017280836, 2.755517053922291, 0.0 ], [ 101.705015083103746, 2.755610763460233, 0.0 ] ] ] } },
{ "type": "Feature", "properties": { "UID": "PDRM-120", "AGENSI": "PDRM", "KATEGORI": "PONDOK POLIS", "HIERARKI": "BALAI/UNIT", "NAMA": "Pondok Polis Pekan Salak", "UNIT": "PENGURUSAN", "INDUK": "IPD Sepang", "ZON": null, "DAERAH": null, "PBT": null, "ALAMAT": null, "TELEFON": null, "SRC_ID": "120", "X_CASS": 5327.554, "Y_CASS": -43377.2, "LATITUDE": 2.7816887, "LONGITUDE": 101.7503275, "GEOM_OK": true }, "geometry": { "type": "Polygon", "coordinates": [ [ [ 101.75009685019991, 2.781789124563614, 0.0 ], [ 101.750449053370446, 2.781930453440336, 0.0 ], [ 101.750544374400263, 2.78156612920315, 0.0 ], [ 101.750216271403602, 2.781456383893345, 0.0 ], [ 101.75009685019991, 2.781789124563614, 0.0 ] ] ] } },
{ "type": "Feature", "properties": { "UID": "PDRM-012", "AGENSI": "PDRM", "KATEGORI": "IPD", "HIERARKI": "DAERAH", "NAMA": "IPD Sepang", "UNIT": "PENGURUSAN", "INDUK": "IPD Sepang", "ZON": null, "DAERAH": null, "PBT": null, "ALAMAT": "43900 Sepang, Selangor", "TELEFON": "03-87774222", "SRC_ID": "12", "X_CASS": 4241.357, "Y_CASS": -40749.7, "LATITUDE": 2.805453, "LONGITUDE": 101.7405657, "GEOM_OK": true }, "geometry": { "type": "Polygon", "coordinates": [ [ [ 101.739561418860276, 2.805857793166505, 0.0 ], [ 101.741368848381157, 2.805882526348021, 0.0 ], [ 101.741470968785151, 2.805496586831597, 0.0 ], [ 101.741568264756907, 2.805044307080967, 0.0 ], [ 101.739746519268976, 2.805028864930547, 0.0 ], [ 101.739561418860276, 2.805857793166505, 0.0 ] ] ] } },
{ "type": "Feature", "properties": { "UID": "PDRM-112", "AGENSI": "PDRM", "KATEGORI": "BALAI POLIS", "HIERARKI": "BALAI/UNIT", "NAMA": "Balai Polis Bandar Baru Salak Tinggi", "UNIT": "PENGURUSAN", "INDUK": "IPD Sepang", "ZON": null, "DAERAH": null, "PBT": null, "ALAMAT": null, "TELEFON": null, "SRC_ID": "112", "X_CASS": 4241.357, "Y_CASS": -40749.7, "LATITUDE": 2.805453, "LONGITUDE": 101.7405657, "GEOM_OK": true }, "geometry": { "type": "Polygon", "coordinates": [ [ [ 101.739561418860276, 2.805857793166505, 0.0 ], [ 101.741368848381157, 2.805882526348021, 0.0 ], [ 101.741470968785151, 2.805496586831597, 0.0 ], [ 101.741568264756907, 2.805044307080967, 0.0 ], [ 101.739746519268976, 2.805028864930547, 0.0 ], [ 101.739561418860276, 2.805857793166505, 0.0 ] ] ] } },
{ "type": "Feature", "properties": { "UID": "PDRM-116", "AGENSI": "PDRM", "KATEGORI": "BALAI LAPANGAN TERBANG", "HIERARKI": "BALAI/UNIT", "NAMA": "Balai Polis KLIA", "UNIT": "PENGURUSAN", "INDUK": "IPD Sepang", "ZON": null, "DAERAH": null, "PBT": null, "ALAMAT": null, "TELEFON": null, "SRC_ID": "116", "X_CASS": -2549.799, "Y_CASS": -42788.889, "LATITUDE": 2.7870287, "LONGITUDE": 101.6794824, "GEOM_OK": true }, "geometry": { "type": "Polygon", "coordinates": [ [ [ 101.679483477019161, 2.788547351890624, 0.0 ], [ 101.679829605696625, 2.788215668504879, 0.0 ], [ 101.680225821329614, 2.787573643258302, 0.0 ], [ 101.680545780952642, 2.786585564567178, 0.0 ], [ 101.680310613142041, 2.786094648887365, 0.0 ], [ 101.679149859235395, 2.78560894355746, 0.0 ], [ 101.679078947566879, 2.785638896441763, 0.0 ], [ 101.678530241521074, 2.787005938383883, 0.0 ], [ 101.678481986426775, 2.787226107391741, 0.0 ], [ 101.678519519467415, 2.787489311573977, 0.0 ], [ 101.678676590487854, 2.787769490450202, 0.0 ], [ 101.679332354328295, 2.788539524334699, 0.0 ], [ 101.679483477019161, 2.788547351890624, 0.0 ] ] ] } },
{ "type": "Feature", "properties": { "UID": "PDRM-043", "AGENSI": "PDRM", "KATEGORI": "BALAI KOMUNITI", "HIERARKI": "BALAI/UNIT", "NAMA": "Balai Polis Komuniti Seri Ehsan", "UNIT": "JPJKK", "INDUK": "IPD Kuala Langat", "ZON": null, "DAERAH": null, "PBT": null, "ALAMAT": null, "TELEFON": null, "SRC_ID": "43", "X_CASS": -8006.119, "Y_CASS": -44674.706, "LATITUDE": 2.7699856, "LONGITUDE": 101.6304063, "GEOM_OK": true }, "geometry": { "type": "Polygon", "coordinates": [ [ [ 101.630450209094363, 2.770078905046103, 0.0 ], [ 101.630450190511453, 2.769899735987212, 0.0 ], [ 101.630365093161714, 2.769899744908129, 0.0 ], [ 101.630352083329839, 2.770024093868649, 0.0 ], [ 101.630401176033629, 2.770078910187379, 0.0 ], [ 101.630450209094363, 2.770078905046103, 0.0 ] ] ] } },
{ "type": "Feature", "properties": { "UID": "PDRM-004", "AGENSI": "PDRM", "KATEGORI": "IPD", "HIERARKI": "DAERAH", "NAMA": "IPD Kuala Langat", "UNIT": "PENGURUSAN", "INDUK": "IPD Kuala Langat", "ZON": null, "DAERAH": null, "PBT": null, "ALAMAT": "Jalan Sultan Alam Shah, 42700 Banting, Selangor", "TELEFON": "03-31872222", "SRC_ID": "4", "X_CASS": -23214.39, "Y_CASS": -40815.366, "LATITUDE": 2.8049075, "LONGITUDE": 101.4936324, "GEOM_OK": true }, "geometry": { "type": "Polygon", "coordinates": [ [ [ 101.492455344867224, 2.804386270680484, 0.0 ], [ 101.493185949137413, 2.806140189466285, 0.0 ], [ 101.494805149256493, 2.805398633126406, 0.0 ], [ 101.494101389079447, 2.803698578568635, 0.0 ], [ 101.492455344867224, 2.804386270680484, 0.0 ] ] ] } },
{ "type": "Feature", "properties": { "UID": "PDRM-039", "AGENSI": "PDRM", "KATEGORI": "BALAI POLIS", "HIERARKI": "BALAI/UNIT", "NAMA": "Balai Polis Banting", "UNIT": "PENGURUSAN", "INDUK": "IPD Kuala Langat", "ZON": null, "DAERAH": null, "PBT": null, "ALAMAT": null, "TELEFON": null, "SRC_ID": "39", "X_CASS": -23214.39, "Y_CASS": -40815.366, "LATITUDE": 2.8049075, "LONGITUDE": 101.4936324, "GEOM_OK": true }, "geometry": { "type": "Polygon", "coordinates": [ [ [ 101.492455344867224, 2.804386270680484, 0.0 ], [ 101.493185949137413, 2.806140189466285, 0.0 ], [ 101.494805149256493, 2.805398633126406, 0.0 ], [ 101.494101389079447, 2.803698578568635, 0.0 ], [ 101.492455344867224, 2.804386270680484, 0.0 ] ] ] } },
{ "type": "Feature", "properties": { "UID": "PDRM-110", "AGENSI": "PDRM", "KATEGORI": "BALAI POLIS", "HIERARKI": "BALAI/UNIT", "NAMA": "Balai Polis Dengkil", "UNIT": "PENGURUSAN", "INDUK": "IPD Sepang", "ZON": null, "DAERAH": null, "PBT": null, "ALAMAT": null, "TELEFON": null, "SRC_ID": "110", "X_CASS": -2542.493, "Y_CASS": -34785.258, "LATITUDE": 2.8594084, "LONGITUDE": 101.6795661, "GEOM_OK": true }, "geometry": { "type": "Polygon", "coordinates": [ [ [ 101.679160490008542, 2.859481250411723, 0.0 ], [ 101.679616189160541, 2.859869343111419, 0.0 ], [ 101.680023067652883, 2.859414913298095, 0.0 ], [ 101.679608635800037, 2.859039990042378, 0.0 ], [ 101.679561149962325, 2.859009113641573, 0.0 ], [ 101.679506543965758, 2.858994951163779, 0.0 ], [ 101.67945026777906, 2.858998857726066, 0.0 ], [ 101.679398031722641, 2.85902027118962, 0.0 ], [ 101.679355143710268, 2.859057183486737, 0.0 ], [ 101.679212528993247, 2.859226625219434, 0.0 ], [ 101.679281854979436, 2.859276389459455, 0.0 ], [ 101.679160490008542, 2.859481250411723, 0.0 ] ] ] } },
{ "type": "Feature", "properties": { "UID": "PDRM-059", "AGENSI": "PDRM", "KATEGORI": "BALAI POLIS", "HIERARKI": "BALAI/UNIT", "NAMA": "Balai Polis Beranang", "UNIT": "PENGURUSAN", "INDUK": "IPD Kajang", "ZON": null, "DAERAH": null, "PBT": null, "ALAMAT": null, "TELEFON": null, "SRC_ID": "59", "X_CASS": 18678.673, "Y_CASS": -33745.793, "LATITUDE": 2.8687439, "LONGITUDE": 101.870439, "GEOM_OK": true }, "geometry": { "type": "Polygon", "coordinates": [ [ [ 101.870081332593927, 2.868612172664843, 0.0 ], [ 101.870148570934404, 2.86873314158106, 0.0 ], [ 101.870258518719595, 2.869036401398533, 0.0 ], [ 101.870780836353688, 2.868858754885866, 0.0 ], [ 101.870640092343521, 2.868470772966812, 0.0 ], [ 101.870081332593927, 2.868612172664843, 0.0 ] ] ] } },
{ "type": "Feature", "properties": { "UID": "PDRM-058", "AGENSI": "PDRM", "KATEGORI": "BALAI POLIS", "HIERARKI": "BALAI/UNIT", "NAMA": "Balai Polis Semenyih", "UNIT": "PENGURUSAN", "INDUK": "IPD Kajang", "ZON": null, "DAERAH": null, "PBT": null, "ALAMAT": null, "TELEFON": null, "SRC_ID": "58", "X_CASS": 17071.916, "Y_CASS": -26550.744, "LATITUDE": 2.9338159, "LONGITUDE": 101.856014, "GEOM_OK": true }, "geometry": { "type": "Polygon", "coordinates": [ [ [ 101.855023210285964, 2.934046232785432, 0.0 ], [ 101.856291076108164, 2.934607061692151, 0.0 ], [ 101.856698278003449, 2.934000015416352, 0.0 ], [ 101.856728406836893, 2.93387357040895, 0.0 ], [ 101.857025004921866, 2.933418289343714, 0.0 ], [ 101.856778468057655, 2.933291959653737, 0.0 ], [ 101.856577256671855, 2.93329204413673, 0.0 ], [ 101.855817665179273, 2.93324684762911, 0.0 ], [ 101.855520888514377, 2.933272258441867, 0.0 ], [ 101.855354920724693, 2.93334818736937, 0.0 ], [ 101.855023210285964, 2.934046232785432, 0.0 ] ] ] } },
{ "type": "Feature", "properties": { "UID": "PDRM-057", "AGENSI": "PDRM", "KATEGORI": "BALAI POLIS", "HIERARKI": "BALAI/UNIT", "NAMA": "Balai Polis Bandar Baru Bangi", "UNIT": "PENGURUSAN", "INDUK": "IPD Kajang", "ZON": null, "DAERAH": null, "PBT": null, "ALAMAT": null, "TELEFON": null, "SRC_ID": "57", "X_CASS": 6748.673, "Y_CASS": -26033.799, "LATITUDE": 2.9385259, "LONGITUDE": 101.7631594, "GEOM_OK": true }, "geometry": { "type": "Polygon", "coordinates": [ [ [ 101.762028329306531, 2.939068228072707, 0.0 ], [ 101.763756747075433, 2.939705168952798, 0.0 ], [ 101.764283165445931, 2.937925186964908, 0.0 ], [ 101.762537940510867, 2.937389779774773, 0.0 ], [ 101.762028329306531, 2.939068228072707, 0.0 ] ] ] } },
{ "type": "Feature", "properties": { "UID": "PDRM-124", "AGENSI": "PDRM", "KATEGORI": "POS POLIS KOMUNITI", "HIERARKI": "BALAI/UNIT", "NAMA": "Pos Polis Komuniti Taman Desa Pinggiran Putra", "UNIT": "JPJKK", "INDUK": "IPD Sepang", "ZON": null, "DAERAH": null, "PBT": null, "ALAMAT": null, "TELEFON": null, "SRC_ID": "124", "X_CASS": 569.448, "Y_CASS": -29430.176, "LATITUDE": 2.9078287, "LONGITUDE": 101.7075692, "GEOM_OK": true }, "geometry": { "type": "Polygon", "coordinates": [ [ [ 101.707530581722594, 2.907814316089766, 0.0 ], [ 101.707555177220144, 2.907867444959806, 0.0 ], [ 101.707608019465823, 2.907843333144958, 0.0 ], [ 101.707582809458472, 2.907789587695969, 0.0 ], [ 101.707530581722594, 2.907814316089766, 0.0 ] ] ] } },
{ "type": "Feature", "properties": { "UID": "PDRM-113", "AGENSI": "PDRM", "KATEGORI": "BALAI POLIS", "HIERARKI": "BALAI/UNIT", "NAMA": "Balai Polis Cyberjaya", "UNIT": "PENGURUSAN", "INDUK": "IPD Sepang", "ZON": null, "DAERAH": null, "PBT": null, "ALAMAT": null, "TELEFON": null, "SRC_ID": "113", "X_CASS": -5522.634, "Y_CASS": -29491.715, "LATITUDE": 2.9072863, "LONGITUDE": 101.6527729, "GEOM_OK": true }, "geometry": { "type": "Polygon", "coordinates": [ [ [ 101.652126077586047, 2.906624453798616, 0.0 ], [ 101.651848707757239, 2.907456213535617, 0.0 ], [ 101.651830376083979, 2.90759372943572, 0.0 ], [ 101.651836669284421, 2.907992607318803, 0.0 ], [ 101.653558741515653, 2.907992365994013, 0.0 ], [ 101.653662244240849, 2.906541678323108, 0.0 ], [ 101.652242043534457, 2.906541862530946, 0.0 ], [ 101.652126077586047, 2.906624453798616, 0.0 ] ] ] } },
{ "type": "Feature", "properties": { "UID": "PDRM-047", "AGENSI": "PDRM", "KATEGORI": "PONDOK POLIS", "HIERARKI": "BALAI/UNIT", "NAMA": "Pondok Polis Sri Cheding", "UNIT": "PENGURUSAN", "INDUK": "IPD Kuala Langat", "ZON": null, "DAERAH": null, "PBT": null, "ALAMAT": null, "TELEFON": null, "SRC_ID": "47", "X_CASS": -16770.812, "Y_CASS": -31545.535, "LATITUDE": 2.888732, "LONGITUDE": 101.5515968, "GEOM_OK": true }, "geometry": { "type": "Polygon", "coordinates": [ [ [ 101.55162792151306, 2.888443500827085, 0.0 ], [ 101.551347218336034, 2.888835654492378, 0.0 ], [ 101.551555150730465, 2.888998663715482, 0.0 ], [ 101.5516091713626, 2.888988894637672, 0.0 ], [ 101.551817227955084, 2.888649666139306, 0.0 ], [ 101.551818935980847, 2.888626044550291, 0.0 ], [ 101.551815094085796, 2.888594519196973, 0.0 ], [ 101.55162792151306, 2.888443500827085, 0.0 ] ] ] } },
{ "type": "Feature", "properties": { "UID": "PDRM-041", "AGENSI": "PDRM", "KATEGORI": "BALAI POLIS", "HIERARKI": "BALAI/UNIT", "NAMA": "Balai Polis Sungai Jarum", "UNIT": "PENGURUSAN", "INDUK": "IPD Kuala Langat", "ZON": null, "DAERAH": null, "PBT": null, "ALAMAT": null, "TELEFON": null, "SRC_ID": "41", "X_CASS": -22650.888, "Y_CASS": -32994.967, "LATITUDE": 2.8756305, "LONGITUDE": 101.4987072, "GEOM_OK": true }, "geometry": { "type": "Polygon", "coordinates": [ [ [ 101.49815521803049, 2.875545472036552, 0.0 ], [ 101.498830520847818, 2.876396449046227, 0.0 ], [ 101.49914201777095, 2.876014382836834, 0.0 ], [ 101.498915980633996, 2.875827778410857, 0.0 ], [ 101.499225615517872, 2.875447973027871, 0.0 ], [ 101.49861285750282, 2.874945323881855, 0.0 ], [ 101.49815521803049, 2.875545472036552, 0.0 ] ] ] } },
{ "type": "Feature", "properties": { "UID": "PDRM-040", "AGENSI": "PDRM", "KATEGORI": "BALAI POLIS", "HIERARKI": "BALAI/UNIT", "NAMA": "Balai Polis Telok Panglima Garang", "UNIT": "PENGURUSAN", "INDUK": "IPD Kuala Langat", "ZON": null, "DAERAH": null, "PBT": null, "ALAMAT": null, "TELEFON": null, "SRC_ID": "40", "X_CASS": -25268.413, "Y_CASS": -28626.77, "LATITUDE": 2.9151361, "LONGITUDE": 101.4751671, "GEOM_OK": true }, "geometry": { "type": "Polygon", "coordinates": [ [ [ 101.474704294427156, 2.91548400464195, 0.0 ], [ 101.475526780732409, 2.91560648024498, 0.0 ], [ 101.475562396206485, 2.915559180256272, 0.0 ], [ 101.475638431858016, 2.914778182082532, 0.0 ], [ 101.474758201892882, 2.914679404795235, 0.0 ], [ 101.474704294427156, 2.91548400464195, 0.0 ] ] ] } },
{ "type": "Feature", "properties": { "UID": "PDRM-044", "AGENSI": "PDRM", "KATEGORI": "BALAI KOMUNITI", "HIERARKI": "BALAI/UNIT", "NAMA": "Balai Polis Komuniti Saujana Putra", "UNIT": "JPJKK", "INDUK": "IPD Kuala Langat", "ZON": null, "DAERAH": null, "PBT": null, "ALAMAT": null, "TELEFON": null, "SRC_ID": "44", "X_CASS": -13023.931, "Y_CASS": -25887.72, "LATITUDE": 2.9398925, "LONGITUDE": 101.585307, "GEOM_OK": true }, "geometry": { "type": "Polygon", "coordinates": [ [ [ 101.585218097528056, 2.939947984570733, 0.0 ], [ 101.585316060765422, 2.939997434689127, 0.0 ], [ 101.585395907568696, 2.939837081055517, 0.0 ], [ 101.585297944342258, 2.939787630943299, 0.0 ], [ 101.585218097528056, 2.939947984570733, 0.0 ] ] ] } },
{ "type": "Feature", "properties": { "UID": "PDRM-114", "AGENSI": "PDRM", "KATEGORI": "BALAI POLIS", "HIERARKI": "BALAI/UNIT", "NAMA": "Balai Polis Dato' Abu Bakar Baginda", "UNIT": "PENGURUSAN", "INDUK": "IPD Sepang", "ZON": null, "DAERAH": null, "PBT": null, "ALAMAT": null, "TELEFON": null, "SRC_ID": "114", "X_CASS": 3377.711, "Y_CASS": -23300.064, "LATITUDE": 2.9632576, "LONGITUDE": 101.7328455, "GEOM_OK": true }, "geometry": { "type": "Polygon", "coordinates": [ [ [ 101.732588224581846, 2.962472039369512, 0.0 ], [ 101.732585364076655, 2.963761689290129, 0.0 ], [ 101.733203066079014, 2.96376196958808, 0.0 ], [ 101.733122734089875, 2.963067580410244, 0.0 ], [ 101.733089077228399, 2.962992138230983, 0.0 ], [ 101.732588224581846, 2.962472039369512, 0.0 ] ] ] } },
{ "type": "Feature", "properties": { "UID": "PDRM-121", "AGENSI": "PDRM", "KATEGORI": "PONDOK POLIS", "HIERARKI": "BALAI/UNIT", "NAMA": "Pondok Polis IOI City Mall", "UNIT": "PENGURUSAN", "INDUK": "IPD Sepang", "ZON": null, "DAERAH": null, "PBT": null, "ALAMAT": null, "TELEFON": null, "SRC_ID": "121", "X_CASS": 1388.228, "Y_CASS": -22525.116, "LATITUDE": 2.9702711, "LONGITUDE": 101.714952, "GEOM_OK": true }, "geometry": { "type": "Polygon", "coordinates": [ [ [ 101.714902870605329, 2.970349195743141, 0.0 ], [ 101.715040382072218, 2.970330085382297, 0.0 ], [ 101.715007149011242, 2.970196609726913, 0.0 ], [ 101.714860152570253, 2.970210955261072, 0.0 ], [ 101.714902870605329, 2.970349195743141, 0.0 ] ] ] } },
{ "type": "Feature", "properties": { "UID": "PDRM-123", "AGENSI": "PDRM", "KATEGORI": "PONDOK POLIS", "HIERARKI": "BALAI/UNIT", "NAMA": "Pondok Polis Hospital Serdang", "UNIT": "PENGURUSAN", "INDUK": "IPD Sepang", "ZON": null, "DAERAH": null, "PBT": null, "ALAMAT": null, "TELEFON": null, "SRC_ID": "123", "X_CASS": 1988.518, "Y_CASS": -21842.167, "LATITUDE": 2.9764456, "LONGITUDE": 101.7203535, "GEOM_OK": true }, "geometry": { "type": "Polygon", "coordinates": [ [ [ 101.720251042267932, 2.976463422474687, 0.0 ], [ 101.720283836708276, 2.976522725766617, 0.0 ], [ 101.720452064006381, 2.976434803067425, 0.0 ], [ 101.720421451543345, 2.976365613892848, 0.0 ], [ 101.720251042267932, 2.976463422474687, 0.0 ] ] ] } },
{ "type": "Feature", "properties": { "UID": "PDRM-006", "AGENSI": "PDRM", "KATEGORI": "IPD", "HIERARKI": "DAERAH", "NAMA": "IPD Kajang", "UNIT": "PENGURUSAN", "INDUK": "IPD Kajang", "ZON": null, "DAERAH": null, "PBT": null, "ALAMAT": "Kajang, Selangor", "TELEFON": null, "SRC_ID": "6", "X_CASS": 9539.625, "Y_CASS": -19890.15, "LATITUDE": 2.9940756, "LONGITUDE": 101.7882837, "GEOM_OK": true }, "geometry": { "type": "Polygon", "coordinates": [ [ [ 101.787794078055555, 2.994697869773298, 0.0 ], [ 101.787879480756956, 2.994680529414202, 0.0 ], [ 101.788855152562149, 2.994703665334621, 0.0 ], [ 101.788609632027502, 2.993388336109487, 0.0 ], [ 101.788559167997263, 2.993352546565523, 0.0 ], [ 101.787902166188971, 2.993423751408914, 0.0 ], [ 101.78783259764225, 2.993500058926939, 0.0 ], [ 101.787817432183033, 2.994244139650777, 0.0 ], [ 101.787794078055555, 2.994697869773298, 0.0 ] ] ] } },
{ "type": "Feature", "properties": { "UID": "PDRM-056", "AGENSI": "PDRM", "KATEGORI": "BALAI POLIS", "HIERARKI": "BALAI/UNIT", "NAMA": "Balai Polis Kajang", "UNIT": "PENGURUSAN", "INDUK": "IPD Kajang", "ZON": null, "DAERAH": null, "PBT": null, "ALAMAT": null, "TELEFON": null, "SRC_ID": "56", "X_CASS": 9539.625, "Y_CASS": -19890.15, "LATITUDE": 2.9940756, "LONGITUDE": 101.7882837, "GEOM_OK": true }, "geometry": { "type": "Polygon", "coordinates": [ [ [ 101.787794078055555, 2.994697869773298, 0.0 ], [ 101.787879480756956, 2.994680529414202, 0.0 ], [ 101.788855152562149, 2.994703665334621, 0.0 ], [ 101.788764484634115, 2.994217929796428, 0.0 ], [ 101.788609632027502, 2.993388336109487, 0.0 ], [ 101.788559167997263, 2.993352546565523, 0.0 ], [ 101.787902166188971, 2.993423751408914, 0.0 ], [ 101.78783259764225, 2.993500058926939, 0.0 ], [ 101.787817432183033, 2.994244139650777, 0.0 ], [ 101.787794078055555, 2.994697869773298, 0.0 ] ] ] } },
{ "type": "Feature", "properties": { "UID": "PDRM-115", "AGENSI": "PDRM", "KATEGORI": "BALAI POLIS", "HIERARKI": "BALAI/UNIT", "NAMA": "Balai Polis Putra Perdana", "UNIT": "PENGURUSAN", "INDUK": "IPD Sepang", "ZON": null, "DAERAH": null, "PBT": null, "ALAMAT": null, "TELEFON": null, "SRC_ID": "115", "X_CASS": -12193.201, "Y_CASS": -21949.312, "LATITUDE": 2.9755078, "LONGITUDE": 101.5927858, "GEOM_OK": true }, "geometry": { "type": "Polygon", "coordinates": [ [ [ 101.592575327421883, 2.975768873905712, 0.0 ], [ 101.592985491059338, 2.975771320914256, 0.0 ], [ 101.592988740606387, 2.975230485633797, 0.0 ], [ 101.592770452045826, 2.975228752736129, 0.0 ], [ 101.592702107750355, 2.975274577431046, 0.0 ], [ 101.592577337471937, 2.975271328660373, 0.0 ], [ 101.592575327421883, 2.975768873905712, 0.0 ] ] ] } },
{ "type": "Feature", "properties": { "UID": "PDRM-143", "AGENSI": "PDRM", "KATEGORI": "BALAI POLIS", "HIERARKI": "BALAI/UNIT", "NAMA": "Balai Polis Alam Megah Seksyen 27", "UNIT": "PENGURUSAN", "INDUK": "IPD Shah Alam", "ZON": null, "DAERAH": null, "PBT": null, "ALAMAT": null, "TELEFON": null, "SRC_ID": "143", "X_CASS": -15305.199, "Y_CASS": -17796.577, "LATITUDE": 3.0130675, "LONGITUDE": 101.5647988, "GEOM_OK": true }, "geometry": { "type": "Polygon", "coordinates": [ [ [ 101.564692801725272, 3.013011160621609, 0.0 ], [ 101.564692814651707, 3.013085570038993, 0.0 ], [ 101.564686231010413, 3.013080746185877, 0.0 ], [ 101.564733971276809, 3.013126941575175, 0.0 ], [ 101.564898463098658, 3.013126959903891, 0.0 ], [ 101.564898474951292, 3.013011176751084, 0.0 ], [ 101.564692801725272, 3.013011160621609, 0.0 ] ] ] } },
{ "type": "Feature", "properties": { "UID": "JBPM-024", "AGENSI": "JBPM", "KATEGORI": "BBP", "HIERARKI": "BALAI", "NAMA": "BBP Sepang", "UNIT": null, "INDUK": "KLIA", "ZON": "Zon 5", "DAERAH": null, "PBT": null, "ALAMAT": null, "TELEFON": null, "SRC_ID": "24", "X_CASS": 5329.306, "Y_CASS": -53701.137, "LATITUDE": 2.6883262, "LONGITUDE": 101.7503153, "GEOM_OK": true }, "geometry": { "type": "Polygon", "coordinates": [ [ [ 101.749807904200324, 2.688144628144694, 0.0 ], [ 101.750069226396761, 2.688440142132674, 0.0 ], [ 101.750344984399874, 2.688693283822778, 0.0 ], [ 101.750701451725647, 2.688576217852105, 0.0 ], [ 101.750629218450868, 2.688252958041119, 0.0 ], [ 101.750562994518049, 2.688025076270969, 0.0 ], [ 101.750272134573962, 2.688117106156958, 0.0 ], [ 101.750234412226618, 2.687999549754496, 0.0 ], [ 101.749807904200324, 2.688144628144694, 0.0 ] ] ] } },
{ "type": "Feature", "properties": { "UID": "JBPM-021", "AGENSI": "JBPM", "KATEGORI": "BBP / Pejabat Zon", "HIERARKI": "BALAI/PEJABAT ZON", "NAMA": "BBP KLIA", "UNIT": null, "INDUK": "KLIA", "ZON": "Zon 5", "DAERAH": null, "PBT": null, "ALAMAT": null, "TELEFON": null, "SRC_ID": "21", "X_CASS": -2664.655, "Y_CASS": -42210.854, "LATITUDE": 2.7922563, "LONGITUDE": 101.6784507, "GEOM_OK": true }, "geometry": { "type": "Polygon", "coordinates": [ [ [ 101.677401626986523, 2.791922206968798, 0.0 ], [ 101.678712272654934, 2.79355554061204, 0.0 ], [ 101.679670931633368, 2.792778034777723, 0.0 ], [ 101.678090466797812, 2.790923846749836, 0.0 ], [ 101.6774393424365, 2.791520564668751, 0.0 ], [ 101.677401626986523, 2.791922206968798, 0.0 ] ] ] } },
{ "type": "Feature", "properties": { "UID": "JBPM-023", "AGENSI": "JBPM", "KATEGORI": "BBP", "HIERARKI": "BALAI", "NAMA": "BBP Dengkil", "UNIT": null, "INDUK": "KLIA", "ZON": "Zon 5", "DAERAH": null, "PBT": null, "ALAMAT": null, "TELEFON": null, "SRC_ID": "23", "X_CASS": -3228.994, "Y_CASS": -35010.453, "LATITUDE": 2.8573734, "LONGITUDE": 101.673391, "GEOM_OK": true }, "geometry": { "type": "Polygon", "coordinates": [ [ [ 101.673120999753564, 2.857709001167922, 0.0 ], [ 101.673748245736917, 2.857670645992134, 0.0 ], [ 101.673708030901793, 2.85704373882339, 0.0 ], [ 101.673017538660886, 2.857093615516329, 0.0 ], [ 101.673024003850117, 2.857375999091486, 0.0 ], [ 101.673089999145446, 2.857533001615481, 0.0 ], [ 101.673120999753564, 2.857709001167922, 0.0 ] ] ] } },
{ "type": "Feature", "properties": { "UID": "JBPM-026", "AGENSI": "JBPM", "KATEGORI": "BBP", "HIERARKI": "BALAI", "NAMA": "BBP Telok Panglima Garang", "UNIT": null, "INDUK": "KLIA", "ZON": "Zon 5", "DAERAH": null, "PBT": null, "ALAMAT": null, "TELEFON": null, "SRC_ID": "26", "X_CASS": -24369.832, "Y_CASS": -31198.963, "LATITUDE": 2.8918739, "LONGITUDE": 101.4832476, "GEOM_OK": true }, "geometry": { "type": "Polygon", "coordinates": [ [ [ 101.482527465836938, 2.891577833338218, 0.0 ], [ 101.482689467245081, 2.89245648710481, 0.0 ], [ 101.483991302796909, 2.892107734442106, 0.0 ], [ 101.483838308545984, 2.89133852488528, 0.0 ], [ 101.482527465836938, 2.891577833338218, 0.0 ] ] ] } },
{ "type": "Feature", "properties": { "UID": "JBPM-033", "AGENSI": "JBPM", "KATEGORI": "BBP", "HIERARKI": "BALAI", "NAMA": "BBP Sabak Bernam", "UNIT": null, "INDUK": "Sabak Bernam", "ZON": "Zon 7", "DAERAH": null, "PBT": null, "ALAMAT": null, "TELEFON": null, "SRC_ID": "33", "X_CASS": -79910.993, "Y_CASS": 65718.938, "LATITUDE": 3.768249, "LONGITUDE": 100.9833224, "GEOM_OK": true }, "geometry": { "type": "Polygon", "coordinates": [ [ [ 100.983035004435934, 3.768360705798343, 0.0 ], [ 100.983287146178782, 3.768556402166376, 0.0 ], [ 100.98353469103813, 3.76821682772217, 0.0 ], [ 100.983625805023621, 3.76809186344363, 0.0 ], [ 100.983329694346821, 3.767973402726672, 0.0 ], [ 100.983035004435934, 3.768360705798343, 0.0 ] ] ] } },
{ "type": "Feature", "properties": { "UID": "JBPM-034", "AGENSI": "JBPM", "KATEGORI": "BBP", "HIERARKI": "BALAI", "NAMA": "BBP Sungai Besar", "UNIT": null, "INDUK": "Sabak Bernam", "ZON": "Zon 7", "DAERAH": null, "PBT": null, "ALAMAT": null, "TELEFON": null, "SRC_ID": "34", "X_CASS": -78785.09, "Y_CASS": 54256.282, "LATITUDE": 3.6645958, "LONGITUDE": 100.9935045, "GEOM_OK": true }, "geometry": { "type": "Polygon", "coordinates": [ [ [ 100.993238530314983, 3.665599016642177, 0.0 ], [ 100.994454423546358, 3.664371952397089, 0.0 ], [ 100.993812161501353, 3.663598320415039, 0.0 ], [ 100.992540478446358, 3.664792887038379, 0.0 ], [ 100.993238530314983, 3.665599016642177, 0.0 ] ] ] } },
{ "type": "Feature", "properties": { "UID": "JBPM-035", "AGENSI": "JBPM", "KATEGORI": "BBP", "HIERARKI": "BALAI", "NAMA": "BBP Tanjung Karang", "UNIT": null, "INDUK": "Sabak Bernam", "ZON": "Zon 7", "DAERAH": null, "PBT": null, "ALAMAT": null, "TELEFON": null, "SRC_ID": "35", "X_CASS": -59647.168, "Y_CASS": 27553.362, "LATITUDE": 3.4231736, "LONGITUDE": 101.1658311, "GEOM_OK": true }, "geometry": { "type": "Polygon", "coordinates": [ [ [ 101.165812781091006, 3.423570891853198, 0.0 ], [ 101.166217670954808, 3.423184272236122, 0.0 ], [ 101.165863540025853, 3.422780190823193, 0.0 ], [ 101.165437862986394, 3.423155978784843, 0.0 ], [ 101.165812781091006, 3.423570891853198, 0.0 ] ] ] } },
{ "type": "Feature", "properties": { "UID": "JBPM-036", "AGENSI": "JBPM", "KATEGORI": "BBP", "HIERARKI": "BALAI", "NAMA": "BBP Kuala Selangor", "UNIT": null, "INDUK": "Sabak Bernam", "ZON": "Zon 7", "DAERAH": null, "PBT": null, "ALAMAT": null, "TELEFON": null, "SRC_ID": "36", "X_CASS": -49819.986, "Y_CASS": 16899.939, "LATITUDE": 3.3268475, "LONGITUDE": 101.2542802, "GEOM_OK": true }, "geometry": { "type": "Polygon", "coordinates": [ [ [ 101.254186213116782, 3.327343063503789, 0.0 ], [ 101.254767700454337, 3.326759477255349, 0.0 ], [ 101.254366163351108, 3.326347462670247, 0.0 ], [ 101.253795068568039, 3.326947186191519, 0.0 ], [ 101.254186213116782, 3.327343063503789, 0.0 ] ] ] } },
{ "type": "Feature", "properties": { "UID": "JBPM-037", "AGENSI": "JBPM", "KATEGORI": "BBP", "HIERARKI": "BALAI", "NAMA": "BBP Bestari Jaya", "UNIT": null, "INDUK": "Sabak Bernam", "ZON": "Zon 7", "DAERAH": null, "PBT": null, "ALAMAT": null, "TELEFON": null, "SRC_ID": "37", "X_CASS": -33284.575, "Y_CASS": 22585.689, "LATITUDE": 3.3782751, "LONGITUDE": 101.4030701, "GEOM_OK": true }, "geometry": { "type": "Polygon", "coordinates": [ [ [ 101.402717581263062, 3.378845351971797, 0.0 ], [ 101.403525349670417, 3.378661822074465, 0.0 ], [ 101.403188468692349, 3.37761834406935, 0.0 ], [ 101.402819802062538, 3.377702960124396, 0.0 ], [ 101.402717581263062, 3.378845351971797, 0.0 ] ] ] } },
{ "type": "Feature", "properties": { "UID": "JBPM-030", "AGENSI": "JBPM", "KATEGORI": "BBP", "HIERARKI": "BALAI", "NAMA": "BBP Kuala Kubu Bharu", "UNIT": null, "INDUK": "Rawang", "ZON": "Zon 6", "DAERAH": null, "PBT": null, "ALAMAT": null, "TELEFON": null, "SRC_ID": "30", "X_CASS": -4554.369, "Y_CASS": 41761.877, "LATITUDE": 3.5516521, "LONGITUDE": 101.6616538, "GEOM_OK": true }, "geometry": { "type": "Polygon", "coordinates": [ [ [ 101.660952217308662, 3.552356662135166, 0.0 ], [ 101.661038667360472, 3.552530604827116, 0.0 ], [ 101.662320211667378, 3.552345182100739, 0.0 ], [ 101.66191942659654, 3.550455739877676, 0.0 ], [ 101.661199695654986, 3.550979785218174, 0.0 ], [ 101.66119294834435, 3.55110577779461, 0.0 ], [ 101.661180450074397, 3.551124879368793, 0.0 ], [ 101.661179277380199, 3.551379837704442, 0.0 ], [ 101.661200725125809, 3.551379716544363, 0.0 ], [ 101.661200316245129, 3.551464796106449, 0.0 ], [ 101.661268070848863, 3.551465869937376, 0.0 ], [ 101.661267948077565, 3.55153947348632, 0.0 ], [ 101.661176531698388, 3.55153887387634, 0.0 ], [ 101.661176758456676, 3.551820310796864, 0.0 ], [ 101.661065392034033, 3.552167321405554, 0.0 ], [ 101.660952217308662, 3.552356662135166, 0.0 ] ] ] } },
{ "type": "Feature", "properties": { "UID": "JBPM-031", "AGENSI": "JBPM", "KATEGORI": "BBP", "HIERARKI": "BALAI", "NAMA": "BBP Bukit Sentosa", "UNIT": null, "INDUK": "Rawang", "ZON": "Zon 6", "DAERAH": null, "PBT": null, "ALAMAT": null, "TELEFON": null, "SRC_ID": "31", "X_CASS": -15670.367, "Y_CASS": 25119.555, "LATITUDE": 3.4011744, "LONGITUDE": 101.5615789, "GEOM_OK": true }, "geometry": { "type": "Polygon", "coordinates": [ [ [ 101.562077869506155, 3.401670929841452, 0.0 ], [ 101.562080728915461, 3.400683610611949, 0.0 ], [ 101.561077037218439, 3.400680683501113, 0.0 ], [ 101.561074485582225, 3.401557727860776, 0.0 ], [ 101.561129016106179, 3.401668153382525, 0.0 ], [ 101.562077869506155, 3.401670929841452, 0.0 ] ] ] } },
{ "type": "Feature", "properties": { "UID": "JBPM-029", "AGENSI": "JBPM", "KATEGORI": "BBP", "HIERARKI": "BALAI", "NAMA": "BBP Batu Arang", "UNIT": null, "INDUK": "Rawang", "ZON": "Zon 6", "DAERAH": null, "PBT": null, "ALAMAT": null, "TELEFON": null, "SRC_ID": "29", "X_CASS": -25499.217, "Y_CASS": 15965.512, "LATITUDE": 3.3184028, "LONGITUDE": 101.473123, "GEOM_OK": true }, "geometry": { "type": "Polygon", "coordinates": [ [ [ 101.473039184842236, 3.318169549304841, 0.0 ], [ 101.472741990691887, 3.318477903661778, 0.0 ], [ 101.473048913684465, 3.318776823682819, 0.0 ], [ 101.47348501840402, 3.318339830154843, 0.0 ], [ 101.473260483842139, 3.318015950735159, 0.0 ], [ 101.473076939661226, 3.318209829852769, 0.0 ], [ 101.473039184842236, 3.318169549304841, 0.0 ] ] ] } },
{ "type": "Feature", "properties": { "UID": "JBPM-027", "AGENSI": "JBPM", "KATEGORI": "BBP / Pejabat Zon", "HIERARKI": "BALAI/PEJABAT ZON", "NAMA": "BBP Rawang", "UNIT": null, "INDUK": "Rawang", "ZON": "Zon 6", "DAERAH": null, "PBT": null, "ALAMAT": null, "TELEFON": null, "SRC_ID": "27", "X_CASS": -15735.713, "Y_CASS": 14729.041, "LATITUDE": 3.3072095, "LONGITUDE": 101.5609745, "GEOM_OK": true }, "geometry": { "type": "Polygon", "coordinates": [ [ [ 101.56043907572105, 3.306853748649044, 0.0 ], [ 101.560853217020139, 3.30783411085677, 0.0 ], [ 101.560917017903392, 3.307814661983872, 0.0 ], [ 101.561499585671172, 3.307576231116764, 0.0 ], [ 101.561151418439692, 3.306669575507786, 0.0 ], [ 101.561004919695449, 3.30661233306768, 0.0 ], [ 101.56043907572105, 3.306853748649044, 0.0 ] ] ] } },
{ "type": "Feature", "properties": { "UID": "JBPM-028", "AGENSI": "JBPM", "KATEGORI": "BBP", "HIERARKI": "BALAI", "NAMA": "BBP Selayang", "UNIT": null, "INDUK": "Rawang", "ZON": "Zon 6", "DAERAH": null, "PBT": null, "ALAMAT": null, "TELEFON": null, "SRC_ID": "28", "X_CASS": -5206.267, "Y_CASS": 8852.698, "LATITUDE": 3.254047, "LONGITUDE": 101.6557048, "GEOM_OK": true }, "geometry": { "type": "Polygon", "coordinates": [ [ [ 101.655439622113093, 3.254834488367491, 0.0 ], [ 101.65551325318701, 3.254800112652295, 0.0 ], [ 101.655572939344481, 3.254763209827973, 0.0 ], [ 101.655743911941073, 3.25465750066709, 0.0 ], [ 101.655879244266515, 3.254534355080775, 0.0 ], [ 101.655992223249726, 3.254388396372708, 0.0 ], [ 101.656078377882082, 3.254224915586975, 0.0 ], [ 101.656134595967515, 3.254050379203335, 0.0 ], [ 101.65616942178444, 3.253780447473048, 0.0 ], [ 101.656172718662802, 3.2534393490963, 0.0 ], [ 101.655956030500477, 3.253317069695127, 0.0 ], [ 101.655107914428228, 3.253950556869431, 0.0 ], [ 101.655167774232908, 3.253943874019539, 0.0 ], [ 101.655439622113093, 3.254834488367491, 0.0 ] ] ] } },
{ "type": "Feature", "properties": { "UID": "JBPM-007", "AGENSI": "JBPM", "KATEGORI": "BBP", "HIERARKI": "BALAI", "NAMA": "BBP Sungai Buloh", "UNIT": null, "INDUK": "Petaling Jaya", "ZON": "Zon 2", "DAERAH": null, "PBT": null, "ALAMAT": null, "TELEFON": null, "SRC_ID": "7", "X_CASS": -15760.927, "Y_CASS": 3008.37, "LATITUDE": 3.2012153, "LONGITUDE": 101.5607297, "GEOM_OK": true }, "geometry": { "type": "Polygon", "coordinates": [ [ [ 101.560109510519482, 3.2012913678175, 0.0 ], [ 101.560747173353576, 3.201853942784495, 0.0 ], [ 101.561252393163002, 3.201275291616385, 0.0 ], [ 101.561115045301534, 3.200797879362602, 0.0 ], [ 101.560686666877942, 3.200630372936075, 0.0 ], [ 101.560109510519482, 3.2012913678175, 0.0 ] ] ] } },
{ "type": "Feature", "properties": { "UID": "JBPM-011", "AGENSI": "JBPM", "KATEGORI": "BBP", "HIERARKI": "BALAI", "NAMA": "BBP Kapar", "UNIT": null, "INDUK": "Klang", "ZON": "Zon 3", "DAERAH": null, "PBT": null, "ALAMAT": null, "TELEFON": null, "SRC_ID": "11", "X_CASS": -32364.688, "Y_CASS": -4245.743, "LATITUDE": 3.1356275, "LONGITUDE": 101.4113426, "GEOM_OK": true }, "geometry": { "type": "Polygon", "coordinates": [ [ [ 101.410712132911897, 3.136025829688277, 0.0 ], [ 101.411959367595173, 3.136025962055462, 0.0 ], [ 101.411962880127717, 3.135209661997207, 0.0 ], [ 101.410715423620147, 3.135249018792997, 0.0 ], [ 101.410712132911897, 3.136025829688277, 0.0 ] ] ] } },
{ "type": "Feature", "properties": { "UID": "JBPM-005", "AGENSI": "JBPM", "KATEGORI": "BBP", "HIERARKI": "BALAI", "NAMA": "BBP Damansara", "UNIT": null, "INDUK": "Petaling Jaya", "ZON": "Zon 2", "DAERAH": null, "PBT": null, "ALAMAT": null, "TELEFON": null, "SRC_ID": "5", "X_CASS": -8781.718, "Y_CASS": -5333.231, "LATITUDE": 3.1257669, "LONGITUDE": 101.6235054, "GEOM_OK": true }, "geometry": { "type": "Polygon", "coordinates": [ [ [ 101.623216376683772, 3.126258182378602, 0.0 ], [ 101.623357528547402, 3.126194304707014, 0.0 ], [ 101.62342718600128, 3.126355261608766, 0.0 ], [ 101.624178226407025, 3.126025194309317, 0.0 ], [ 101.624190359824425, 3.125976264351801, 0.0 ], [ 101.623520298418143, 3.125135201607583, 0.0 ], [ 101.623456329063004, 3.125118307598205, 0.0 ], [ 101.622950634481711, 3.125504207400734, 0.0 ], [ 101.622922314294669, 3.125588316885106, 0.0 ], [ 101.623216376683772, 3.126258182378602, 0.0 ] ] ] } },
{ "type": "Feature", "properties": { "UID": "JBPM-015", "AGENSI": "JBPM", "KATEGORI": "BBP", "HIERARKI": "BALAI", "NAMA": "BBP Ampang", "UNIT": null, "INDUK": "Hulu Langat", "ZON": "Zon 4", "DAERAH": null, "PBT": null, "ALAMAT": null, "TELEFON": null, "SRC_ID": "15", "X_CASS": 6753.009, "Y_CASS": -3142.257, "LATITUDE": 3.1455397, "LONGITUDE": 101.7632698, "GEOM_OK": true }, "geometry": { "type": "Polygon", "coordinates": [ [ [ 101.763096102991383, 3.145632966495177, 0.0 ], [ 101.763444463894075, 3.145634067508021, 0.0 ], [ 101.763447637864459, 3.145449629031492, 0.0 ], [ 101.763141337823527, 3.145444549963706, 0.0 ], [ 101.763095422760244, 3.14543611373133, 0.0 ], [ 101.763096102991383, 3.145632966495177, 0.0 ] ] ] } },
{ "type": "Feature", "properties": { "UID": "JBPM-014", "AGENSI": "JBPM", "KATEGORI": "BBP / Pejabat Zon", "HIERARKI": "BALAI/PEJABAT ZON", "NAMA": "BBP Pandan Indah", "UNIT": null, "INDUK": "Hulu Langat", "ZON": "Zon 4", "DAERAH": null, "PBT": null, "ALAMAT": null, "TELEFON": null, "SRC_ID": "14", "X_CASS": 5204.108, "Y_CASS": -5098.221, "LATITUDE": 3.1278563, "LONGITUDE": 101.7493288, "GEOM_OK": true }, "geometry": { "type": "Polygon", "coordinates": [ [ [ 101.748866200537847, 3.128615328854622, 0.0 ], [ 101.749667906403289, 3.128681323747309, 0.0 ], [ 101.749676769623377, 3.128571417939119, 0.0 ], [ 101.749794450102087, 3.127115159126531, 0.0 ], [ 101.748992091968049, 3.12701625772374, 0.0 ], [ 101.748866200537847, 3.128615328854622, 0.0 ] ] ] } },
{ "type": "Feature", "properties": { "UID": "JBPM-004", "AGENSI": "JBPM", "KATEGORI": "BBP", "HIERARKI": "BALAI", "NAMA": "BBP Petaling Jaya", "UNIT": null, "INDUK": "Petaling Jaya", "ZON": "Zon 2", "DAERAH": null, "PBT": null, "ALAMAT": null, "TELEFON": null, "SRC_ID": "4", "X_CASS": -6568.09, "Y_CASS": -8461.245, "LATITUDE": 3.0974745, "LONGITUDE": 101.6434134, "GEOM_OK": true }, "geometry": { "type": "Polygon", "coordinates": [ [ [ 101.643736341606385, 3.097717577781153, 0.0 ], [ 101.643753380847585, 3.097650826205911, 0.0 ], [ 101.643792390127246, 3.0975941732592, 0.0 ], [ 101.643502145513182, 3.097103750949418, 0.0 ], [ 101.643180991247121, 3.097254202412103, 0.0 ], [ 101.643136593464092, 3.097312773235571, 0.0 ], [ 101.643089417280265, 3.097593622243538, 0.0 ], [ 101.643084612017603, 3.097724272921762, 0.0 ], [ 101.643736341606385, 3.097717577781153, 0.0 ] ] ] } },
{ "type": "Feature", "properties": { "UID": "JBPM-002", "AGENSI": "JBPM", "KATEGORI": "BBP", "HIERARKI": "BALAI", "NAMA": "BBP Subang Jaya", "UNIT": null, "INDUK": "Shah Alam", "ZON": "Zon 1", "DAERAH": null, "PBT": null, "ALAMAT": null, "TELEFON": null, "SRC_ID": "2", "X_CASS": -13086.426, "Y_CASS": -11054.939, "LATITUDE": 3.0740313, "LONGITUDE": 101.5847688, "GEOM_OK": true }, "geometry": { "type": "Polygon", "coordinates": [ [ [ 101.584548930930765, 3.07437505709891, 0.0 ], [ 101.584589960209968, 3.074416016067777, 0.0 ], [ 101.584986954307311, 3.074415941157727, 0.0 ], [ 101.584987083933669, 3.073646892037758, 0.0 ], [ 101.584589010599657, 3.073646967128119, 0.0 ], [ 101.584547996258792, 3.073687941186005, 0.0 ], [ 101.584548930930765, 3.07437505709891, 0.0 ] ] ] } },
{ "type": "Feature", "properties": { "UID": "JBPM-001", "AGENSI": "JBPM", "KATEGORI": "BBP / Pejabat Zon", "HIERARKI": "BALAI/PEJABAT ZON", "NAMA": "BBP Shah Alam", "UNIT": null, "INDUK": "Shah Alam", "ZON": "Zon 1", "DAERAH": null, "PBT": null, "ALAMAT": null, "TELEFON": null, "SRC_ID": "1", "X_CASS": -20213.698, "Y_CASS": -12529.45, "LATITUDE": 3.0607065, "LONGITUDE": 101.5206501, "GEOM_OK": true }, "geometry": { "type": "Polygon", "coordinates": [ [ [ 101.520132179640996, 3.062219644910817, 0.0 ], [ 101.520222744259584, 3.062242423182952, 0.0 ], [ 101.521117552824137, 3.061753751571997, 0.0 ], [ 101.52153102177563, 3.059987015611209, 0.0 ], [ 101.520375004473408, 3.059625077771071, 0.0 ], [ 101.51962137323315, 3.05938997857189, 0.0 ], [ 101.51997418994452, 3.060146907121621, 0.0 ], [ 101.520184163091812, 3.060707001251554, 0.0 ], [ 101.520257129260344, 3.061450360763249, 0.0 ], [ 101.520132179640996, 3.062219644910817, 0.0 ] ] ] } },
{ "type": "Feature", "properties": { "UID": "JBPM-010", "AGENSI": "JBPM", "KATEGORI": "BBP", "HIERARKI": "BALAI", "NAMA": "BBP Klang Utara", "UNIT": null, "INDUK": "Klang", "ZON": "Zon 3", "DAERAH": null, "PBT": null, "ALAMAT": null, "TELEFON": null, "SRC_ID": "10", "X_CASS": -28785.646, "Y_CASS": -12523.313, "LATITUDE": 3.0607688, "LONGITUDE": 101.4435377, "GEOM_OK": true }, "geometry": { "type": "Polygon", "coordinates": [ [ [ 101.442840252522728, 3.060753423565931, 0.0 ], [ 101.443306912834359, 3.061393943531395, 0.0 ], [ 101.444279667002121, 3.060935499320233, 0.0 ], [ 101.443628757235842, 3.060053003248347, 0.0 ], [ 101.442840252522728, 3.060753423565931, 0.0 ] ] ] } },
{ "type": "Feature", "properties": { "UID": "JBPM-009", "AGENSI": "JBPM", "KATEGORI": "BBP", "HIERARKI": "BALAI", "NAMA": "BBP Klang Selatan", "UNIT": null, "INDUK": "Klang", "ZON": "Zon 3", "DAERAH": null, "PBT": null, "ALAMAT": null, "TELEFON": null, "SRC_ID": "9", "X_CASS": -28364.984, "Y_CASS": -14530.189, "LATITUDE": 3.0426195, "LONGITUDE": 101.447321, "GEOM_OK": true }, "geometry": { "type": "Polygon", "coordinates": [ [ [ 101.447271302181178, 3.042802186462467, 0.0 ], [ 101.447489508390888, 3.042705578489279, 0.0 ], [ 101.447388283035082, 3.042471537862878, 0.0 ], [ 101.447334237767322, 3.042449893933522, 0.0 ], [ 101.447153742784153, 3.042528118670486, 0.0 ], [ 101.447271302181178, 3.042802186462467, 0.0 ] ] ] } },
{ "type": "Feature", "properties": { "UID": "JBPM-012", "AGENSI": "JBPM", "KATEGORI": "BBP", "HIERARKI": "BALAI", "NAMA": "BBP Andalas", "UNIT": null, "INDUK": "Klang", "ZON": "Zon 3", "DAERAH": null, "PBT": null, "ALAMAT": null, "TELEFON": null, "SRC_ID": "12", "X_CASS": -28087.506, "Y_CASS": -17174.296, "LATITUDE": 3.0187076, "LONGITUDE": 101.4498158, "GEOM_OK": true }, "geometry": { "type": "Polygon", "coordinates": [ [ [ 101.450271785922382, 3.018878486621648, 0.0 ], [ 101.450211436669846, 3.018171985017649, 0.0 ], [ 101.450126968127165, 3.018117271557433, 0.0 ], [ 101.449795026002576, 3.018276776672622, 0.0 ], [ 101.449663594686712, 3.018389450800835, 0.0 ], [ 101.449310243876454, 3.019022437011172, 0.0 ], [ 101.44907362741462, 3.019315929604156, 0.0 ], [ 101.450271785922382, 3.018878486621648, 0.0 ] ] ] } },
{ "type": "Feature", "properties": { "UID": "JBPM-008", "AGENSI": "JBPM", "KATEGORI": "BBP / Pejabat Zon", "HIERARKI": "BALAI/PEJABAT ZON", "NAMA": "BBP Pelabuhan Klang", "UNIT": null, "INDUK": "Klang", "ZON": "Zon 3", "DAERAH": null, "PBT": null, "ALAMAT": null, "TELEFON": null, "SRC_ID": "8", "X_CASS": -32669.013, "Y_CASS": -17942.949, "LATITUDE": 3.0117578, "LONGITUDE": 101.4086025, "GEOM_OK": true }, "geometry": { "type": "Polygon", "coordinates": [ [ [ 101.407948256092823, 3.011606503942065, 0.0 ], [ 101.408392158867272, 3.01208732970474, 0.0 ], [ 101.408549484990473, 3.011950489647894, 0.0 ], [ 101.408937774095989, 3.012365419317937, 0.0 ], [ 101.409233841421894, 3.012084828370363, 0.0 ], [ 101.409236547417649, 3.011995026926459, 0.0 ], [ 101.408436957777198, 3.011142477156026, 0.0 ], [ 101.407948256092823, 3.011606503942065, 0.0 ] ] ] } },
{ "type": "Feature", "properties": { "UID": "JBPM-013", "AGENSI": "JBPM", "KATEGORI": "BBP", "HIERARKI": "BALAI", "NAMA": "BBP Pulau Indah", "UNIT": null, "INDUK": "Klang", "ZON": "Zon 3", "DAERAH": null, "PBT": null, "ALAMAT": null, "TELEFON": null, "SRC_ID": "13", "X_CASS": -38834.815, "Y_CASS": -26036.65, "LATITUDE": 2.9385624, "LONGITUDE": 101.3531404, "GEOM_OK": true }, "geometry": { "type": "Polygon", "coordinates": [ [ [ 101.353042521926838, 2.938557115235699, 0.0 ], [ 101.353088759273817, 2.938654287399864, 0.0 ], [ 101.353207094003494, 2.938582468113728, 0.0 ], [ 101.353230329438631, 2.938504046740977, 0.0 ], [ 101.353215559257691, 2.938473659313343, 0.0 ], [ 101.353042521926838, 2.938557115235699, 0.0 ] ] ] } },
{ "type": "Feature", "properties": { "UID": "JBPM-006", "AGENSI": "JBPM", "KATEGORI": "BBP / Pejabat Zon", "HIERARKI": "BALAI/PEJABAT ZON", "NAMA": "BBP Puchong", "UNIT": null, "INDUK": "Petaling Jaya", "ZON": "Zon 2", "DAERAH": null, "PBT": null, "ALAMAT": null, "TELEFON": null, "SRC_ID": "6", "X_CASS": -9369.524, "Y_CASS": -15519.038, "LATITUDE": 3.0336541, "LONGITUDE": 101.6181975, "GEOM_OK": true }, "geometry": { "type": "Polygon", "coordinates": [ [ [ 101.618045042115526, 3.034409986347586, 0.0 ], [ 101.618532946155085, 3.034306968964604, 0.0 ], [ 101.618493006081223, 3.033030053027387, 0.0 ], [ 101.617757881176217, 3.033035997083914, 0.0 ], [ 101.618045042115526, 3.034409986347586, 0.0 ] ] ] } },
{ "type": "Feature", "properties": { "UID": "JBPM-020", "AGENSI": "JBPM", "KATEGORI": "BBP", "HIERARKI": "BALAI", "NAMA": "BBP Bandar Tun Hussein Onn", "UNIT": null, "INDUK": "Hulu Langat", "ZON": "Zon 4", "DAERAH": null, "PBT": null, "ALAMAT": null, "TELEFON": null, "SRC_ID": "20", "X_CASS": 6455.232, "Y_CASS": -15267.525, "LATITUDE": 3.0358889, "LONGITUDE": 101.7605526, "GEOM_OK": true }, "geometry": { "type": "Polygon", "coordinates": [ [ [ 101.760060613375387, 3.036262266774003, 0.0 ], [ 101.760109687345647, 3.0363482226195, 0.0 ], [ 101.760152910907081, 3.036423931126513, 0.0 ], [ 101.761190714063204, 3.035793464180326, 0.0 ], [ 101.761202843925901, 3.035770690155564, 0.0 ], [ 101.760446381446684, 3.035399141756245, 0.0 ], [ 101.760060613375387, 3.036262266774003, 0.0 ] ] ] } },
{ "type": "Feature", "properties": { "UID": "JBPM-019", "AGENSI": "JBPM", "KATEGORI": "BBP", "HIERARKI": "BALAI", "NAMA": "BBP Serdang", "UNIT": null, "INDUK": "Hulu Langat", "ZON": "Zon 4", "DAERAH": null, "PBT": null, "ALAMAT": null, "TELEFON": null, "SRC_ID": "19", "X_CASS": 777.79, "Y_CASS": -16898.034, "LATITUDE": 3.0211602, "LONGITUDE": 101.7094758, "GEOM_OK": true }, "geometry": { "type": "Polygon", "coordinates": [ [ [ 101.709239996928915, 3.019916908666942, 0.0 ], [ 101.709356868369582, 3.019982078990228, 0.0 ], [ 101.709309131468004, 3.020082925931057, 0.0 ], [ 101.709196041173143, 3.020028063848373, 0.0 ], [ 101.709148056970363, 3.020206050218227, 0.0 ], [ 101.709032011274715, 3.022039886104748, 0.0 ], [ 101.709991110879812, 3.02200894685977, 0.0 ], [ 101.709902057072142, 3.021097951193501, 0.0 ], [ 101.709808020640921, 3.020679907293087, 0.0 ], [ 101.709593071323795, 3.020218943525674, 0.0 ], [ 101.709478053241781, 3.020032052562914, 0.0 ], [ 101.70924512005648, 3.019902077040902, 0.0 ], [ 101.709239996928915, 3.019916908666942, 0.0 ] ] ] } },
{ "type": "Feature", "properties": { "UID": "JBPM-016", "AGENSI": "JBPM", "KATEGORI": "BBP", "HIERARKI": "BALAI", "NAMA": "BBP Kajang", "UNIT": null, "INDUK": "Hulu Langat", "ZON": "Zon 4", "DAERAH": null, "PBT": null, "ALAMAT": null, "TELEFON": null, "SRC_ID": "16", "X_CASS": 10160.939, "Y_CASS": -20427.515, "LATITUDE": 2.989214, "LONGITUDE": 101.7938708, "GEOM_OK": true }, "geometry": { "type": "Polygon", "coordinates": [ [ [ 101.793631984800811, 2.989649851820683, 0.0 ], [ 101.794233429006823, 2.989440566683217, 0.0 ], [ 101.794190824585399, 2.989361349240482, 0.0 ], [ 101.794177928064542, 2.989337369710483, 0.0 ], [ 101.794042620934121, 2.988966470057025, 0.0 ], [ 101.793887256262337, 2.988714961867371, 0.0 ], [ 101.793668449473415, 2.988798011979912, 0.0 ], [ 101.79372432604184, 2.989122248046237, 0.0 ], [ 101.793610334575121, 2.989134342115337, 0.0 ], [ 101.793617741286312, 2.989288312096679, 0.0 ], [ 101.793631585073385, 2.989565432400036, 0.0 ], [ 101.793631984800811, 2.989649851820683, 0.0 ] ] ] } },
{ "type": "Feature", "properties": { "UID": "JBPM-018", "AGENSI": "JBPM", "KATEGORI": "BBP", "HIERARKI": "BALAI", "NAMA": "BBP Semenyih", "UNIT": null, "INDUK": "Hulu Langat", "ZON": "Zon 4", "DAERAH": null, "PBT": null, "ALAMAT": null, "TELEFON": null, "SRC_ID": "18", "X_CASS": 17286.512, "Y_CASS": -26717.21, "LATITUDE": 2.9323097, "LONGITUDE": 101.8579436, "GEOM_OK": true }, "geometry": { "type": "Polygon", "coordinates": [ [ [ 101.857497692938026, 2.932539918528632, 0.0 ], [ 101.85800623544263, 2.932618631679722, 0.0 ], [ 101.858054411313731, 2.932626088417109, 0.0 ], [ 101.858350926364778, 2.932192893789712, 0.0 ], [ 101.857933097364466, 2.931903812199566, 0.0 ], [ 101.857497692938026, 2.932539918528632, 0.0 ] ] ] } },
{ "type": "Feature", "properties": { "UID": "JBPM-017", "AGENSI": "JBPM", "KATEGORI": "BBP", "HIERARKI": "BALAI", "NAMA": "BBP Bangi", "UNIT": null, "INDUK": "Hulu Langat", "ZON": "Zon 4", "DAERAH": null, "PBT": null, "ALAMAT": null, "TELEFON": null, "SRC_ID": "17", "X_CASS": 6767.619, "Y_CASS": -26185.163, "LATITUDE": 2.937157, "LONGITUDE": 101.7633293, "GEOM_OK": true }, "geometry": { "type": "Polygon", "coordinates": [ [ [ 101.762537940510867, 2.937389779774773, 0.0 ], [ 101.763827679696732, 2.937784730977339, 0.0 ], [ 101.764149636066861, 2.936943651309257, 0.0 ], [ 101.762800637070697, 2.936523925562083, 0.0 ], [ 101.762537940510867, 2.937389779774773, 0.0 ] ] ] } },
{ "type": "Feature", "properties": { "UID": "JBPM-022", "AGENSI": "JBPM", "KATEGORI": "BBP", "HIERARKI": "BALAI", "NAMA": "BBP Cyberjaya", "UNIT": null, "INDUK": "KLIA", "ZON": "Zon 5", "DAERAH": null, "PBT": null, "ALAMAT": null, "TELEFON": null, "SRC_ID": "22", "X_CASS": -4999.069, "Y_CASS": -28922.871, "LATITUDE": 2.9124295, "LONGITUDE": 101.6574834, "GEOM_OK": true }, "geometry": { "type": "Polygon", "coordinates": [ [ [ 101.656563061973259, 2.91161751700986, 0.0 ], [ 101.656482247089258, 2.911635524219776, 0.0 ], [ 101.656341062941095, 2.911745086110371, 0.0 ], [ 101.656258719555353, 2.911904198140786, 0.0 ], [ 101.656250072303266, 2.912083476240946, 0.0 ], [ 101.656379277240404, 2.912736521234603, 0.0 ], [ 101.656576577789437, 2.913159356612228, 0.0 ], [ 101.65668216490721, 2.913108392100622, 0.0 ], [ 101.6567227281908, 2.913088879507125, 0.0 ], [ 101.656762055649239, 2.913172417214688, 0.0 ], [ 101.65911530675001, 2.912803643583675, 0.0 ], [ 101.659102862467776, 2.912404559274762, 0.0 ], [ 101.659101625273735, 2.912367924514588, 0.0 ], [ 101.659097885664934, 2.912250251932668, 0.0 ], [ 101.658894766057301, 2.912239237467676, 0.0 ], [ 101.658716407350056, 2.91221710523874, 0.0 ], [ 101.658539594210623, 2.912183569008508, 0.0 ], [ 101.658365253086473, 2.912138547261364, 0.0 ], [ 101.658194328461391, 2.912082311173608, 0.0 ], [ 101.658026802614756, 2.912016841259815, 0.0 ], [ 101.657182672463435, 2.911704178699785, 0.0 ], [ 101.657010813007247, 2.911651650356076, 0.0 ], [ 101.656834305683063, 2.911617028597027, 0.0 ], [ 101.656641088572414, 2.911600043728969, 0.0 ], [ 101.656607647308832, 2.911607472850472, 0.0 ], [ 101.656563061973259, 2.91161751700986, 0.0 ] ] ] } },
{ "type": "Feature", "properties": { "UID": "JBPM-032", "AGENSI": "JBPM", "KATEGORI": "BBP / Pejabat Zon", "HIERARKI": "BALAI/PEJABAT ZON", "NAMA": "BBP Sekinchan", "UNIT": null, "INDUK": "Sabak Bernam", "ZON": "Zon 7", "DAERAH": null, "PBT": null, "ALAMAT": null, "TELEFON": null, "SRC_ID": "32", "X_CASS": -67399.808, "Y_CASS": 37918.577, "LATITUDE": 3.5168899, "LONGITUDE": 101.0960355, "GEOM_OK": true }, "geometry": { "type": "Polygon", "coordinates": [ [ [ 101.095290473048053, 3.516946276606816, 0.0 ], [ 101.0962661842035, 3.517594964187689, 0.0 ], [ 101.096780434678408, 3.516833561424614, 0.0 ], [ 101.09580472391356, 3.516184838251903, 0.0 ], [ 101.095290473048053, 3.516946276606816, 0.0 ] ] ] } },
{ "type": "Feature", "properties": { "UID": "JBPM-003", "AGENSI": "JBPM", "KATEGORI": "BBP", "HIERARKI": "BALAI", "NAMA": "BBP Bukit Jelutong", "UNIT": null, "INDUK": "Shah Alam", "ZON": "Zon 1", "DAERAH": null, "PBT": null, "ALAMAT": null, "TELEFON": null, "SRC_ID": "3", "X_CASS": -17435.944, "Y_CASS": -7033.722, "LATITUDE": 3.1104032, "LONGITUDE": 101.5456458, "GEOM_OK": true }, "geometry": { "type": "Polygon", "coordinates": [ [ [ 101.54487432987753, 3.11090088543893, 0.0 ], [ 101.545236377332657, 3.110886764508761, 0.0 ], [ 101.54553904094918, 3.110896981503257, 0.0 ], [ 101.545828778411035, 3.110949449773439, 0.0 ], [ 101.546038260228244, 3.111015965403945, 0.0 ], [ 101.546140089654983, 3.111017354282185, 0.0 ], [ 101.546249291788669, 3.110956864831204, 0.0 ], [ 101.546335466697158, 3.110880664618048, 0.0 ], [ 101.546406444055862, 3.110783725469561, 0.0 ], [ 101.546550142312128, 3.110303984421122, 0.0 ], [ 101.546561780109315, 3.110212238431495, 0.0 ], [ 101.546543082374868, 3.110121678278396, 0.0 ], [ 101.546517873104364, 3.110079021394697, 0.0 ], [ 101.544874234026366, 3.109733415394247, 0.0 ], [ 101.54487432987753, 3.11090088543893, 0.0 ] ] ] } },
{ "type": "Feature", "properties": { "UID": "JBPM-025", "AGENSI": "JBPM", "KATEGORI": "BBP", "HIERARKI": "BALAI", "NAMA": "BBP Banting", "UNIT": null, "INDUK": "KLIA", "ZON": "Zon 5", "DAERAH": null, "PBT": null, "ALAMAT": null, "TELEFON": null, "SRC_ID": "25", "X_CASS": -21869.144, "Y_CASS": -39640.493, "LATITUDE": 2.8155313, "LONGITUDE": 101.5057325, "GEOM_OK": true }, "geometry": { "type": "Polygon", "coordinates": [ [ [ 101.505667732022303, 2.814990236639308, 0.0 ], [ 101.505293180463099, 2.816582535081953, 0.0 ], [ 101.505649574357648, 2.816767926738053, 0.0 ], [ 101.506019066262397, 2.815075218504774, 0.0 ], [ 101.506177664194567, 2.814397921566494, 0.0 ], [ 101.505825399064662, 2.814314052128677, 0.0 ], [ 101.505667732022303, 2.814990236639308, 0.0 ] ] ] } },
{ "type": "Feature", "properties": { "UID": "APM-001", "AGENSI": "APM", "KATEGORI": "APM Negeri", "HIERARKI": "NEGERI", "NAMA": "APM Negeri Selangor", "UNIT": null, "INDUK": null, "ZON": null, "DAERAH": "Selangor", "PBT": null, "ALAMAT": "Aras 3, Wisma Persekutuan Klang, Persiaran Bukit Raja 1/KU1, Bandar Baru Klang, 41150 Klang, Selangor", "TELEFON": null, "SRC_ID": "0", "X_CASS": -26030.213, "Y_CASS": -12904.872, "LATITUDE": 3.0573166, "LONGITUDE": 101.4683251, "GEOM_OK": true }, "geometry": { "type": "Polygon", "coordinates": [ [ [ 101.46802935128926, 3.057844665566048 ], [ 101.468101736493779, 3.057878902717095 ], [ 101.468186892299855, 3.057874616105144 ], [ 101.469476972781692, 3.057407965787648 ], [ 101.469140593567801, 3.057236778535072 ], [ 101.468723315262039, 3.057052756265435 ], [ 101.467854704470597, 3.056791721550279 ], [ 101.46753111092039, 3.056783184717682 ], [ 101.467531127391965, 3.057010041288354 ], [ 101.46759500998327, 3.057224052231333 ], [ 101.46802935128926, 3.057844665566048 ] ] ] } },
{ "type": "Feature", "properties": { "UID": "APM-002", "AGENSI": "APM", "KATEGORI": "APM Daerah", "HIERARKI": "DAERAH", "NAMA": "PPAD Petaling", "UNIT": null, "INDUK": null, "ZON": null, "DAERAH": "Petaling", "PBT": null, "ALAMAT": "139 Kompleks Puspada, Jalan Raya Barat, 41000 Klang, Selangor", "TELEFON": null, "SRC_ID": "0", "X_CASS": -28926.689, "Y_CASS": -14910.054, "LATITUDE": 3.0391845, "LONGITUDE": 101.4422679, "GEOM_OK": true }, "geometry": { "type": "Polygon", "coordinates": [ [ [ 101.441976376408718, 3.039225666455451 ], [ 101.442479624867374, 3.039377838308378 ], [ 101.442563116534757, 3.039130018832937 ], [ 101.44202955202509, 3.03900181422968 ], [ 101.441976376408718, 3.039225666455451 ] ] ] } },
{ "type": "Feature", "properties": { "UID": "APM-003", "AGENSI": "APM", "KATEGORI": "APM Daerah", "HIERARKI": "DAERAH", "NAMA": "PPAD Klang", "UNIT": null, "INDUK": null, "ZON": null, "DAERAH": "Klang", "PBT": null, "ALAMAT": "139 Kompleks Puspada, Jalan Raya Barat, 41000 Klang, Selangor", "TELEFON": null, "SRC_ID": "0", "X_CASS": -28936.683, "Y_CASS": -14879.118, "LATITUDE": 3.0394643, "LONGITUDE": 101.442178, "GEOM_OK": true }, "geometry": { "type": "Polygon", "coordinates": [ [ [ 101.441976376408718, 3.039225666455451 ], [ 101.441893565517091, 3.039574273465892 ], [ 101.442374488053389, 3.039689904613843 ], [ 101.442479624867374, 3.039377838308378 ], [ 101.441976376408718, 3.039225666455451 ] ] ] } },
{ "type": "Feature", "properties": { "UID": "APM-004", "AGENSI": "APM", "KATEGORI": "APM Daerah", "HIERARKI": "DAERAH", "NAMA": "PPAD Kuala Langat", "UNIT": null, "INDUK": null, "ZON": null, "DAERAH": "Kuala Langat", "PBT": null, "ALAMAT": "425 A, Jalan Raja Husin, Telok Datok, 42700 Banting, Selangor", "TELEFON": null, "SRC_ID": "0", "X_CASS": -20477.916, "Y_CASS": -39017.712, "LATITUDE": 2.821162, "LONGITUDE": 101.5182457, "GEOM_OK": true }, "geometry": { "type": "Polygon", "coordinates": [ [ [ 101.518148434910216, 2.821386175480655 ], [ 101.518494314695104, 2.821207183590102 ], [ 101.518329380555159, 2.820951318217063 ], [ 101.518310727012519, 2.820948216490816 ], [ 101.518011687691029, 2.821102799536548 ], [ 101.518148434910216, 2.821386175480655 ] ] ] } },
{ "type": "Feature", "properties": { "UID": "APM-005", "AGENSI": "APM", "KATEGORI": "APM Daerah", "HIERARKI": "DAERAH", "NAMA": "PPAD Hulu Langat", "UNIT": null, "INDUK": null, "ZON": null, "DAERAH": "Hulu Langat", "PBT": null, "ALAMAT": "5/5, Seksyen 5, Taman West Country, Off Jalan Reko, 43650 Kajang, Selangor", "TELEFON": null, "SRC_ID": "0", "X_CASS": 9774.022, "Y_CASS": -23184.279, "LATITUDE": 2.9642852, "LONGITUDE": 101.7903813, "GEOM_OK": true }, "geometry": { "type": "Polygon", "coordinates": [ [ [ 101.790455783795068, 2.964571902153594 ], [ 101.790595321617559, 2.964045708805374 ], [ 101.790384444627207, 2.964002366077245 ], [ 101.790308314313833, 2.964237370071514 ], [ 101.790186356585153, 2.964199103114247 ], [ 101.790178758080089, 2.964262958129999 ], [ 101.7901279996005, 2.964406005643421 ], [ 101.790455783795068, 2.964571902153594 ] ] ] } },
{ "type": "Feature", "properties": { "UID": "APM-006", "AGENSI": "APM", "KATEGORI": "APM Daerah", "HIERARKI": "DAERAH", "NAMA": "PPAD Sepang", "UNIT": null, "INDUK": null, "ZON": null, "DAERAH": "Sepang", "PBT": null, "ALAMAT": "Airportcity Business Centre, 23, Jalan Airport City 1, Kota Warisan, 43900 Sepang, Selangor", "TELEFON": null, "SRC_ID": "0", "X_CASS": 904.584, "Y_CASS": -38705.466, "LATITUDE": 2.8239483, "LONGITUDE": 101.7105602, "GEOM_OK": true }, "geometry": { "type": "Polygon", "coordinates": [ [ [ 101.710602031665957, 2.824048480336688 ], [ 101.710596988391586, 2.823855603226919 ], [ 101.710515611042041, 2.823857751808985 ], [ 101.710519576816509, 2.824009300693887 ], [ 101.710561765701087, 2.824049545511212 ], [ 101.710602031665957, 2.824048480336688 ] ] ] } },
{ "type": "Feature", "properties": { "UID": "APM-007", "AGENSI": "APM", "KATEGORI": "APM Daerah", "HIERARKI": "DAERAH", "NAMA": "PPAD Gombak", "UNIT": null, "INDUK": null, "ZON": null, "DAERAH": "Gombak", "PBT": null, "ALAMAT": "Jalan Padang Tembak, 50556 Kuala Lumpur", "TELEFON": null, "SRC_ID": "0", "X_CASS": 2191.996, "Y_CASS": 241.493, "LATITUDE": 3.1761538, "LONGITUDE": 101.7222458, "GEOM_OK": true }, "geometry": { "type": "Polygon", "coordinates": [ [ [ 101.722215851641295, 3.176898558151196 ], [ 101.722867495289833, 3.176623786584719 ], [ 101.722268088184791, 3.175410135207788 ], [ 101.72177935629189, 3.175617417802244 ], [ 101.721616431239426, 3.17564155470671 ], [ 101.722215851641295, 3.176898558151196 ] ] ] } },
{ "type": "Feature", "properties": { "UID": "APM-008", "AGENSI": "APM", "KATEGORI": "APM Daerah", "HIERARKI": "DAERAH", "NAMA": "PPAD Kuala Selangor", "UNIT": null, "INDUK": null, "ZON": null, "DAERAH": "Kuala Selangor", "PBT": null, "ALAMAT": "1024-1026, Jalan Raja Jalil, 45000 Kuala Selangor, Selangor", "TELEFON": null, "SRC_ID": "0", "X_CASS": -50379.824, "Y_CASS": 18291.512, "LATITUDE": 3.3394313, "LONGITUDE": 101.2492409, "GEOM_OK": true }, "geometry": { "type": "Polygon", "coordinates": [ [ [ 101.248911762943933, 3.339480673365314 ], [ 101.249326655988725, 3.339761035739885 ], [ 101.249504381095619, 3.339478151271425 ], [ 101.24955935782107, 3.339262385705353 ], [ 101.24903818122236, 3.33918010565252 ], [ 101.248911762943933, 3.339480673365314 ] ] ] } },
{ "type": "Feature", "properties": { "UID": "APM-009", "AGENSI": "APM", "KATEGORI": "APM Daerah", "HIERARKI": "DAERAH", "NAMA": "PPAD Hulu Selangor", "UNIT": null, "INDUK": null, "ZON": null, "DAERAH": "Hulu Selangor", "PBT": null, "ALAMAT": "Jalan Syed Masyor, Kampung Tun Abdul Razak, 44000 Kuala Kubu Baru, Selangor", "TELEFON": null, "SRC_ID": "0", "X_CASS": -5199.782, "Y_CASS": 43463.324, "LATITUDE": 3.5670404, "LONGITUDE": 101.6558494, "GEOM_OK": true }, "geometry": { "type": "Polygon", "coordinates": [ [ [ 101.655957284911636, 3.567457215190871 ], [ 101.656064949056727, 3.566957780725462 ], [ 101.656070460053954, 3.566567744022038 ], [ 101.655698437131718, 3.566711897089063 ], [ 101.655681648892994, 3.566940513649639 ], [ 101.655576360746508, 3.567114119799698 ], [ 101.655712088730112, 3.567481876375588 ], [ 101.655957284911636, 3.567457215190871 ] ] ] } },
{ "type": "Feature", "properties": { "UID": "APM-010", "AGENSI": "APM", "KATEGORI": "APM Daerah", "HIERARKI": "DAERAH", "NAMA": "PPAD Sabak Bernam", "UNIT": null, "INDUK": null, "ZON": null, "DAERAH": "Sabak Bernam", "PBT": null, "ALAMAT": "623, Kuarters J.K.R, Jalan Parit 1 Timur, 45300 Sungai Besar, Selangor", "TELEFON": null, "SRC_ID": "0", "X_CASS": -78607.586, "Y_CASS": 55758.385, "LATITUDE": 3.6781802, "LONGITUDE": 100.9950963, "GEOM_OK": true }, "geometry": { "type": "Polygon", "coordinates": [ [ [ 100.995135526203882, 3.678355118485266 ], [ 100.995276062660579, 3.678241462226997 ], [ 100.995057261277282, 3.678006937575445 ], [ 100.994915867025966, 3.678115442148024 ], [ 100.995135526203882, 3.678355118485266 ] ] ] } }
]
}
